VororderNr,Liefertermin1,Liefertermin2,Liefertermin3,Liefertermin4,Liefertermin5,Liefertermin6,ArtikelNr
435,"2025-03-01 00:00:00",,,,,,55683
435,"2025-03-01 00:00:00",,,,,,54388
435,"2025-03-01 00:00:00",,,,,,55652
435,"2025-03-01 00:00:00",,,,,,51572
435,"2025-03-01 00:00:00",,,,,,55651
435,"2025-03-01 00:00:00",,,,,,49683
436,"2025-03-01 00:00:00",,,,,,53051
436,"2025-03-01 00:00:00",,,,,,55662
436,"2025-03-01 00:00:00",,,,,,55662
436,"2025-03-01 00:00:00",,,,,,54192
436,"2025-03-01 00:00:00",,,,,,54192
436,"2025-03-01 00:00:00",,,,,,54192
436,"2025-03-01 00:00:00",,,,,,53047
436,"2025-03-01 00:00:00",,,,,,53047
436,"2025-03-01 00:00:00",,,,,,55662
436,"2025-03-01 00:00:00",,,,,,53051
436,"2025-03-01 00:00:00",,,,,,53047
436,"2025-03-01 00:00:00",,,,,,53051
436,"2025-03-01 00:00:00",,,,,,50581
436,"2025-03-01 00:00:00",,,,,,50581
436,"2025-03-01 00:00:00",,,,,,55664
436,"2025-03-01 00:00:00",,,,,,55664
436,"2025-03-01 00:00:00",,,,,,51153
436,"2025-03-01 00:00:00",,,,,,55658
436,"2025-03-01 00:00:00",,,,,,55658
436,"2025-03-01 00:00:00",,,,,,51153
436,"2025-03-01 00:00:00",,,,,,55658
436,"2025-03-01 00:00:00",,,,,,54188
436,"2025-03-01 00:00:00",,,,,,55658
436,"2025-03-01 00:00:00",,,,,,55658
436,"2025-03-01 00:00:00",,,,,,53044
436,"2025-03-01 00:00:00",,,,,,53044
436,"2025-03-01 00:00:00",,,,,,53044
436,"2025-03-01 00:00:00",,,,,,55659
436,"2025-03-01 00:00:00",,,,,,54186
436,"2025-03-01 00:00:00",,,,,,54186
436,"2025-03-01 00:00:00",,,,,,54188
436,"2025-03-01 00:00:00",,,,,,55660
436,"2025-03-01 00:00:00",,,,,,55660
436,"2025-03-01 00:00:00",,,,,,55660
436,"2025-03-01 00:00:00",,,,,,55659
436,"2025-03-01 00:00:00",,,,,,54188
444,"2025-08-01 00:00:00","2025-09-01 00:00:00",,,,,56027
444,"2025-08-01 00:00:00","2025-09-01 00:00:00",,,,,56027
444,"2025-08-01 00:00:00","2025-09-01 00:00:00",,,,,50500
444,"2025-08-01 00:00:00","2025-09-01 00:00:00",,,,,56021
444,"2025-08-01 00:00:00","2025-09-01 00:00:00",,,,,56026
444,"2025-08-01 00:00:00","2025-09-01 00:00:00",,,,,54010
444,"2025-08-01 00:00:00","2025-09-01 00:00:00",,,,,54010
444,"2025-08-01 00:00:00","2025-09-01 00:00:00",,,,,54010
444,"2025-08-01 00:00:00","2025-09-01 00:00:00",,,,,54010
444,"2025-08-01 00:00:00","2025-09-01 00:00:00",,,,,56021
444,"2025-08-01 00:00:00","2025-09-01 00:00:00",,,,,56021
444,"2025-08-01 00:00:00","2025-09-01 00:00:00",,,,,50500
444,"2025-08-01 00:00:00","2025-09-01 00:00:00",,,,,56020
444,"2025-08-01 00:00:00","2025-09-01 00:00:00",,,,,50500
444,"2025-08-01 00:00:00","2025-09-01 00:00:00",,,,,56027
444,"2025-08-01 00:00:00","2025-09-01 00:00:00",,,,,56020
444,"2025-08-01 00:00:00","2025-09-01 00:00:00",,,,,56020
444,"2025-08-01 00:00:00","2025-09-01 00:00:00",,,,,56019
444,"2025-08-01 00:00:00","2025-09-01 00:00:00",,,,,56019
444,"2025-08-01 00:00:00","2025-09-01 00:00:00",,,,,50500
444,"2025-08-01 00:00:00","2025-09-01 00:00:00",,,,,56030
444,"2025-08-01 00:00:00","2025-09-01 00:00:00",,,,,56028
444,"2025-08-01 00:00:00","2025-09-01 00:00:00",,,,,56031
444,"2025-08-01 00:00:00","2025-09-01 00:00:00",,,,,56031
444,"2025-08-01 00:00:00","2025-09-01 00:00:00",,,,,48996
444,"2025-08-01 00:00:00","2025-09-01 00:00:00",,,,,48996
444,"2025-08-01 00:00:00","2025-09-01 00:00:00",,,,,48995
444,"2025-08-01 00:00:00","2025-09-01 00:00:00",,,,,48995
444,"2025-08-01 00:00:00","2025-09-01 00:00:00",,,,,48995
444,"2025-08-01 00:00:00","2025-09-01 00:00:00",,,,,56031
444,"2025-08-01 00:00:00","2025-09-01 00:00:00",,,,,56030
444,"2025-08-01 00:00:00","2025-09-01 00:00:00",,,,,56027
444,"2025-08-01 00:00:00","2025-09-01 00:00:00",,,,,56029
444,"2025-08-01 00:00:00","2025-09-01 00:00:00",,,,,56029
444,"2025-08-01 00:00:00","2025-09-01 00:00:00",,,,,56029
444,"2025-08-01 00:00:00","2025-09-01 00:00:00",,,,,45656
444,"2025-08-01 00:00:00","2025-09-01 00:00:00",,,,,45656
444,"2025-08-01 00:00:00","2025-09-01 00:00:00",,,,,45651
444,"2025-08-01 00:00:00","2025-09-01 00:00:00",,,,,45651
444,"2025-08-01 00:00:00","2025-09-01 00:00:00",,,,,56028
444,"2025-08-01 00:00:00","2025-09-01 00:00:00",,,,,56030
444,"2025-08-01 00:00:00","2025-09-01 00:00:00",,,,,56001
444,"2025-08-01 00:00:00","2025-09-01 00:00:00",,,,,56006
444,"2025-08-01 00:00:00","2025-09-01 00:00:00",,,,,56006
444,"2025-08-01 00:00:00","2025-09-01 00:00:00",,,,,56006
444,"2025-08-01 00:00:00","2025-09-01 00:00:00",,,,,56005
444,"2025-08-01 00:00:00","2025-09-01 00:00:00",,,,,56005
444,"2025-08-01 00:00:00","2025-09-01 00:00:00",,,,,56005
444,"2025-08-01 00:00:00","2025-09-01 00:00:00",,,,,56003
444,"2025-08-01 00:00:00","2025-09-01 00:00:00",,,,,56003
444,"2025-08-01 00:00:00","2025-09-01 00:00:00",,,,,55041
444,"2025-08-01 00:00:00","2025-09-01 00:00:00",,,,,56002
444,"2025-08-01 00:00:00","2025-09-01 00:00:00",,,,,55994
444,"2025-08-01 00:00:00","2025-09-01 00:00:00",,,,,56000
444,"2025-08-01 00:00:00","2025-09-01 00:00:00",,,,,55999
444,"2025-08-01 00:00:00","2025-09-01 00:00:00",,,,,55998
444,"2025-08-01 00:00:00","2025-09-01 00:00:00",,,,,55997
444,"2025-08-01 00:00:00","2025-09-01 00:00:00",,,,,55996
444,"2025-08-01 00:00:00","2025-09-01 00:00:00",,,,,55995
444,"2025-08-01 00:00:00","2025-09-01 00:00:00",,,,,55993
444,"2025-08-01 00:00:00","2025-09-01 00:00:00",,,,,56018
444,"2025-08-01 00:00:00","2025-09-01 00:00:00",,,,,56028
444,"2025-08-01 00:00:00","2025-09-01 00:00:00",,,,,56003
444,"2025-08-01 00:00:00","2025-09-01 00:00:00",,,,,56015
444,"2025-08-01 00:00:00","2025-09-01 00:00:00",,,,,56018
444,"2025-08-01 00:00:00","2025-09-01 00:00:00",,,,,56018
444,"2025-08-01 00:00:00","2025-09-01 00:00:00",,,,,56017
444,"2025-08-01 00:00:00","2025-09-01 00:00:00",,,,,56017
444,"2025-08-01 00:00:00","2025-09-01 00:00:00",,,,,56016
444,"2025-08-01 00:00:00","2025-09-01 00:00:00",,,,,56015
444,"2025-08-01 00:00:00","2025-09-01 00:00:00",,,,,56017
444,"2025-08-01 00:00:00","2025-09-01 00:00:00",,,,,48981
444,"2025-08-01 00:00:00","2025-09-01 00:00:00",,,,,48981
444,"2025-08-01 00:00:00","2025-09-01 00:00:00",,,,,48981
444,"2025-08-01 00:00:00","2025-09-01 00:00:00",,,,,55041
444,"2025-08-01 00:00:00","2025-09-01 00:00:00",,,,,56012
444,"2025-08-01 00:00:00","2025-09-01 00:00:00",,,,,56012
444,"2025-08-01 00:00:00","2025-09-01 00:00:00",,,,,56012
444,"2025-08-01 00:00:00","2025-09-01 00:00:00",,,,,48979
444,"2025-08-01 00:00:00","2025-09-01 00:00:00",,,,,48979
444,"2025-08-01 00:00:00","2025-09-01 00:00:00",,,,,48979
444,"2025-08-01 00:00:00","2025-09-01 00:00:00",,,,,48981
444,"2025-08-01 00:00:00","2025-09-01 00:00:00",,,,,56016
444,"2025-08-01 00:00:00","2025-09-01 00:00:00",,,,,55041
445,"2025-08-01 00:00:00","2025-09-01 00:00:00",,,,,56051
445,"2025-08-01 00:00:00","2025-09-01 00:00:00",,,,,56050
445,"2025-08-01 00:00:00","2025-09-01 00:00:00",,,,,56050
445,"2025-08-01 00:00:00","2025-09-01 00:00:00",,,,,56050
445,"2025-08-01 00:00:00","2025-09-01 00:00:00",,,,,56050
445,"2025-08-01 00:00:00","2025-09-01 00:00:00",,,,,38585
445,"2025-08-01 00:00:00","2025-09-01 00:00:00",,,,,56049
445,"2025-08-01 00:00:00","2025-09-01 00:00:00",,,,,56051
445,"2025-08-01 00:00:00","2025-09-01 00:00:00",,,,,38583
445,"2025-08-01 00:00:00","2025-09-01 00:00:00",,,,,56051
445,"2025-08-01 00:00:00","2025-09-01 00:00:00",,,,,56052
445,"2025-08-01 00:00:00","2025-09-01 00:00:00",,,,,56053
445,"2025-08-01 00:00:00","2025-09-01 00:00:00",,,,,56055
445,"2025-08-01 00:00:00","2025-09-01 00:00:00",,,,,56054
445,"2025-08-01 00:00:00","2025-09-01 00:00:00",,,,,56055
445,"2025-08-01 00:00:00","2025-09-01 00:00:00",,,,,56056
445,"2025-08-01 00:00:00","2025-09-01 00:00:00",,,,,44237
445,"2025-08-01 00:00:00","2025-09-01 00:00:00",,,,,44240
445,"2025-08-01 00:00:00","2025-09-01 00:00:00",,,,,53441
445,"2025-08-01 00:00:00","2025-09-01 00:00:00",,,,,44238
445,"2025-08-01 00:00:00","2025-09-01 00:00:00",,,,,52143
445,"2025-08-01 00:00:00","2025-09-01 00:00:00",,,,,53440
445,"2025-08-01 00:00:00","2025-09-01 00:00:00",,,,,47461
445,"2025-08-01 00:00:00","2025-09-01 00:00:00",,,,,54165
445,"2025-08-01 00:00:00","2025-09-01 00:00:00",,,,,49131
445,"2025-08-01 00:00:00","2025-09-01 00:00:00",,,,,47461
445,"2025-08-01 00:00:00","2025-09-01 00:00:00",,,,,47461
445,"2025-08-01 00:00:00","2025-09-01 00:00:00",,,,,47461
445,"2025-08-01 00:00:00","2025-09-01 00:00:00",,,,,47461
445,"2025-08-01 00:00:00","2025-09-01 00:00:00",,,,,47461
445,"2025-08-01 00:00:00","2025-09-01 00:00:00",,,,,45621
445,"2025-08-01 00:00:00","2025-09-01 00:00:00",,,,,54056
445,"2025-08-01 00:00:00","2025-09-01 00:00:00",,,,,56048
445,"2025-08-01 00:00:00","2025-09-01 00:00:00",,,,,40246
445,"2025-08-01 00:00:00","2025-09-01 00:00:00",,,,,48129
445,"2025-08-01 00:00:00","2025-09-01 00:00:00",,,,,47461
445,"2025-08-01 00:00:00","2025-09-01 00:00:00",,,,,45622
445,"2025-08-01 00:00:00","2025-09-01 00:00:00",,,,,56046
445,"2025-08-01 00:00:00","2025-09-01 00:00:00",,,,,54061
445,"2025-08-01 00:00:00","2025-09-01 00:00:00",,,,,47717
445,"2025-08-01 00:00:00","2025-09-01 00:00:00",,,,,55368
445,"2025-08-01 00:00:00","2025-09-01 00:00:00",,,,,56047
445,"2025-08-01 00:00:00","2025-09-01 00:00:00",,,,,47568
445,"2025-08-01 00:00:00","2025-09-01 00:00:00",,,,,43018
445,"2025-08-01 00:00:00","2025-09-01 00:00:00",,,,,51010
445,"2025-08-01 00:00:00","2025-09-01 00:00:00",,,,,51010
445,"2025-08-01 00:00:00","2025-09-01 00:00:00",,,,,54166
445,"2025-08-01 00:00:00","2025-09-01 00:00:00",,,,,54166
445,"2025-08-01 00:00:00","2025-09-01 00:00:00",,,,,12646
445,"2025-08-01 00:00:00","2025-09-01 00:00:00",,,,,38864
445,"2025-08-01 00:00:00","2025-09-01 00:00:00",,,,,53430
445,"2025-08-01 00:00:00","2025-09-01 00:00:00",,,,,40692
445,"2025-08-01 00:00:00","2025-09-01 00:00:00",,,,,12647
445,"2025-08-01 00:00:00","2025-09-01 00:00:00",,,,,46542
445,"2025-08-01 00:00:00","2025-09-01 00:00:00",,,,,54165
445,"2025-08-01 00:00:00","2025-09-01 00:00:00",,,,,21669
445,"2025-08-01 00:00:00","2025-09-01 00:00:00",,,,,21011
445,"2025-08-01 00:00:00","2025-09-01 00:00:00",,,,,21011
445,"2025-08-01 00:00:00","2025-09-01 00:00:00",,,,,38396
445,"2025-08-01 00:00:00","2025-09-01 00:00:00",,,,,38396
445,"2025-08-01 00:00:00","2025-09-01 00:00:00",,,,,38405
445,"2025-08-01 00:00:00","2025-09-01 00:00:00",,,,,54591
445,"2025-08-01 00:00:00","2025-09-01 00:00:00",,,,,39130
445,"2025-08-01 00:00:00","2025-09-01 00:00:00",,,,,18680
445,"2025-08-01 00:00:00","2025-09-01 00:00:00",,,,,19091
445,"2025-08-01 00:00:00","2025-09-01 00:00:00",,,,,56057
445,"2025-08-01 00:00:00","2025-09-01 00:00:00",,,,,56058
445,"2025-08-01 00:00:00","2025-09-01 00:00:00",,,,,56059
445,"2025-08-01 00:00:00","2025-09-01 00:00:00",,,,,56060
445,"2025-08-01 00:00:00","2025-09-01 00:00:00",,,,,56061
445,"2025-08-01 00:00:00","2025-09-01 00:00:00",,,,,19092
445,"2025-08-01 00:00:00","2025-09-01 00:00:00",,,,,44236
445,"2025-08-01 00:00:00","2025-09-01 00:00:00",,,,,40424
445,"2025-08-01 00:00:00","2025-09-01 00:00:00",,,,,52735
445,"2025-08-01 00:00:00","2025-09-01 00:00:00",,,,,33556
445,"2025-08-01 00:00:00","2025-09-01 00:00:00",,,,,52735
445,"2025-08-01 00:00:00","2025-09-01 00:00:00",,,,,53429
445,"2025-08-01 00:00:00","2025-09-01 00:00:00",,,,,50465
445,"2025-08-01 00:00:00","2025-09-01 00:00:00",,,,,53428
445,"2025-08-01 00:00:00","2025-09-01 00:00:00",,,,,54892
445,"2025-08-01 00:00:00","2025-09-01 00:00:00",,,,,50467
445,"2025-08-01 00:00:00","2025-09-01 00:00:00",,,,,54893
445,"2025-08-01 00:00:00","2025-09-01 00:00:00",,,,,54894
445,"2025-08-01 00:00:00","2025-09-01 00:00:00",,,,,12647
445,"2025-08-01 00:00:00","2025-09-01 00:00:00",,,,,44239
445,"2025-08-01 00:00:00","2025-09-01 00:00:00",,,,,19093
445,"2025-08-01 00:00:00","2025-09-01 00:00:00",,,,,47454
445,"2025-08-01 00:00:00","2025-09-01 00:00:00",,,,,56037
445,"2025-08-01 00:00:00","2025-09-01 00:00:00",,,,,56038
445,"2025-08-01 00:00:00","2025-09-01 00:00:00",,,,,56038
445,"2025-08-01 00:00:00","2025-09-01 00:00:00",,,,,56038
445,"2025-08-01 00:00:00","2025-09-01 00:00:00",,,,,54873
445,"2025-08-01 00:00:00","2025-09-01 00:00:00",,,,,54873
445,"2025-08-01 00:00:00","2025-09-01 00:00:00",,,,,54873
445,"2025-08-01 00:00:00","2025-09-01 00:00:00",,,,,42243
445,"2025-08-01 00:00:00","2025-09-01 00:00:00",,,,,35902
445,"2025-08-01 00:00:00","2025-09-01 00:00:00",,,,,47454
445,"2025-08-01 00:00:00","2025-09-01 00:00:00",,,,,56037
445,"2025-08-01 00:00:00","2025-09-01 00:00:00",,,,,40180
445,"2025-08-01 00:00:00","2025-09-01 00:00:00",,,,,40180
445,"2025-08-01 00:00:00","2025-09-01 00:00:00",,,,,35110
445,"2025-08-01 00:00:00","2025-09-01 00:00:00",,,,,35110
445,"2025-08-01 00:00:00","2025-09-01 00:00:00",,,,,35902
445,"2025-08-01 00:00:00","2025-09-01 00:00:00",,,,,35902
445,"2025-08-01 00:00:00","2025-09-01 00:00:00",,,,,35902
445,"2025-08-01 00:00:00","2025-09-01 00:00:00",,,,,35902
445,"2025-08-01 00:00:00","2025-09-01 00:00:00",,,,,47454
445,"2025-08-01 00:00:00","2025-09-01 00:00:00",,,,,44204
445,"2025-08-01 00:00:00","2025-09-01 00:00:00",,,,,39130
445,"2025-08-01 00:00:00","2025-09-01 00:00:00",,,,,54591
445,"2025-08-01 00:00:00","2025-09-01 00:00:00",,,,,56033
445,"2025-08-01 00:00:00","2025-09-01 00:00:00",,,,,56033
445,"2025-08-01 00:00:00","2025-09-01 00:00:00",,,,,56033
445,"2025-08-01 00:00:00","2025-09-01 00:00:00",,,,,54863
445,"2025-08-01 00:00:00","2025-09-01 00:00:00",,,,,54792
445,"2025-08-01 00:00:00","2025-09-01 00:00:00",,,,,56033
445,"2025-08-01 00:00:00","2025-09-01 00:00:00",,,,,56037
445,"2025-08-01 00:00:00","2025-09-01 00:00:00",,,,,44204
445,"2025-08-01 00:00:00","2025-09-01 00:00:00",,,,,56037
445,"2025-08-01 00:00:00","2025-09-01 00:00:00",,,,,56034
445,"2025-08-01 00:00:00","2025-09-01 00:00:00",,,,,56035
445,"2025-08-01 00:00:00","2025-09-01 00:00:00",,,,,56035
445,"2025-08-01 00:00:00","2025-09-01 00:00:00",,,,,56035
445,"2025-08-01 00:00:00","2025-09-01 00:00:00",,,,,56036
445,"2025-08-01 00:00:00","2025-09-01 00:00:00",,,,,56036
445,"2025-08-01 00:00:00","2025-09-01 00:00:00",,,,,56036
445,"2025-08-01 00:00:00","2025-09-01 00:00:00",,,,,56036
445,"2025-08-01 00:00:00","2025-09-01 00:00:00",,,,,42243
445,"2025-08-01 00:00:00","2025-09-01 00:00:00",,,,,44204
445,"2025-08-01 00:00:00","2025-09-01 00:00:00",,,,,55133
445,"2025-08-01 00:00:00","2025-09-01 00:00:00",,,,,56045
445,"2025-08-01 00:00:00","2025-09-01 00:00:00",,,,,53409
445,"2025-08-01 00:00:00","2025-09-01 00:00:00",,,,,53409
445,"2025-08-01 00:00:00","2025-09-01 00:00:00",,,,,53409
445,"2025-08-01 00:00:00","2025-09-01 00:00:00",,,,,53409
445,"2025-08-01 00:00:00","2025-09-01 00:00:00",,,,,53409
445,"2025-08-01 00:00:00","2025-09-01 00:00:00",,,,,45616
445,"2025-08-01 00:00:00","2025-09-01 00:00:00",,,,,45616
445,"2025-08-01 00:00:00","2025-09-01 00:00:00",,,,,56045
445,"2025-08-01 00:00:00","2025-09-01 00:00:00",,,,,45616
445,"2025-08-01 00:00:00","2025-09-01 00:00:00",,,,,39130
445,"2025-08-01 00:00:00","2025-09-01 00:00:00",,,,,35902
445,"2025-08-01 00:00:00","2025-09-01 00:00:00",,,,,39130
445,"2025-08-01 00:00:00","2025-09-01 00:00:00",,,,,54873
445,"2025-08-01 00:00:00","2025-09-01 00:00:00",,,,,39130
445,"2025-08-01 00:00:00","2025-09-01 00:00:00",,,,,54792
445,"2025-08-01 00:00:00","2025-09-01 00:00:00",,,,,54591
445,"2025-08-01 00:00:00","2025-09-01 00:00:00",,,,,54591
445,"2025-08-01 00:00:00","2025-09-01 00:00:00",,,,,54591
445,"2025-08-01 00:00:00","2025-09-01 00:00:00",,,,,54591
445,"2025-08-01 00:00:00","2025-09-01 00:00:00",,,,,45616
445,"2025-08-01 00:00:00","2025-09-01 00:00:00",,,,,56041
445,"2025-08-01 00:00:00","2025-09-01 00:00:00",,,,,53404
445,"2025-08-01 00:00:00","2025-09-01 00:00:00",,,,,39130
445,"2025-08-01 00:00:00","2025-09-01 00:00:00",,,,,56045
445,"2025-08-01 00:00:00","2025-09-01 00:00:00",,,,,54877
445,"2025-08-01 00:00:00","2025-09-01 00:00:00",,,,,54877
445,"2025-08-01 00:00:00","2025-09-01 00:00:00",,,,,53404
445,"2025-08-01 00:00:00","2025-09-01 00:00:00",,,,,56041
445,"2025-08-01 00:00:00","2025-09-01 00:00:00",,,,,56041
445,"2025-08-01 00:00:00","2025-09-01 00:00:00",,,,,56041
445,"2025-08-01 00:00:00","2025-09-01 00:00:00",,,,,56042
445,"2025-08-01 00:00:00","2025-09-01 00:00:00",,,,,56044
445,"2025-08-01 00:00:00","2025-09-01 00:00:00",,,,,56042
445,"2025-08-01 00:00:00","2025-09-01 00:00:00",,,,,56043
445,"2025-08-01 00:00:00","2025-09-01 00:00:00",,,,,56044
445,"2025-08-01 00:00:00","2025-09-01 00:00:00",,,,,56043
445,"2025-08-01 00:00:00","2025-09-01 00:00:00",,,,,56043
445,"2025-08-01 00:00:00","2025-09-01 00:00:00",,,,,56043
445,"2025-08-01 00:00:00","2025-09-01 00:00:00",,,,,56042
445,"2025-08-01 00:00:00","2025-09-01 00:00:00",,,,,56044
446,"2025-08-01 00:00:00","2025-09-01 00:00:00",,,,,54929
446,"2025-08-01 00:00:00","2025-09-01 00:00:00",,,,,54929
446,"2025-08-01 00:00:00","2025-09-01 00:00:00",,,,,54929
446,"2025-08-01 00:00:00","2025-09-01 00:00:00",,,,,36749
446,"2025-08-01 00:00:00","2025-09-01 00:00:00",,,,,36749
446,"2025-08-01 00:00:00","2025-09-01 00:00:00",,,,,56077
446,"2025-08-01 00:00:00","2025-09-01 00:00:00",,,,,56076
446,"2025-08-01 00:00:00","2025-09-01 00:00:00",,,,,56077
446,"2025-08-01 00:00:00","2025-09-01 00:00:00",,,,,56077
446,"2025-08-01 00:00:00","2025-09-01 00:00:00",,,,,56076
446,"2025-08-01 00:00:00","2025-09-01 00:00:00",,,,,56079
446,"2025-08-01 00:00:00","2025-09-01 00:00:00",,,,,56076
446,"2025-08-01 00:00:00","2025-09-01 00:00:00",,,,,56077
446,"2025-08-01 00:00:00","2025-09-01 00:00:00",,,,,49013
446,"2025-08-01 00:00:00","2025-09-01 00:00:00",,,,,49013
446,"2025-08-01 00:00:00","2025-09-01 00:00:00",,,,,49013
446,"2025-08-01 00:00:00","2025-09-01 00:00:00",,,,,49013
446,"2025-08-01 00:00:00","2025-09-01 00:00:00",,,,,56078
446,"2025-08-01 00:00:00","2025-09-01 00:00:00",,,,,56078
446,"2025-08-01 00:00:00","2025-09-01 00:00:00",,,,,56078
446,"2025-08-01 00:00:00","2025-09-01 00:00:00",,,,,56079
446,"2025-08-01 00:00:00","2025-09-01 00:00:00",,,,,56079
446,"2025-08-01 00:00:00","2025-09-01 00:00:00",,,,,56079
446,"2025-08-01 00:00:00","2025-09-01 00:00:00",,,,,56082
446,"2025-08-01 00:00:00","2025-09-01 00:00:00",,,,,56082
446,"2025-08-01 00:00:00","2025-09-01 00:00:00",,,,,53385
446,"2025-08-01 00:00:00","2025-09-01 00:00:00",,,,,56076
446,"2025-08-01 00:00:00","2025-09-01 00:00:00",,,,,56078
446,"2025-08-01 00:00:00","2025-09-01 00:00:00",,,,,56064
446,"2025-08-01 00:00:00","2025-09-01 00:00:00",,,,,56070
446,"2025-08-01 00:00:00","2025-09-01 00:00:00",,,,,56070
446,"2025-08-01 00:00:00","2025-09-01 00:00:00",,,,,56065
446,"2025-08-01 00:00:00","2025-09-01 00:00:00",,,,,56065
446,"2025-08-01 00:00:00","2025-09-01 00:00:00",,,,,56065
446,"2025-08-01 00:00:00","2025-09-01 00:00:00",,,,,56071
446,"2025-08-01 00:00:00","2025-09-01 00:00:00",,,,,56064
446,"2025-08-01 00:00:00","2025-09-01 00:00:00",,,,,54223
446,"2025-08-01 00:00:00","2025-09-01 00:00:00",,,,,54223
446,"2025-08-01 00:00:00","2025-09-01 00:00:00",,,,,54223
446,"2025-08-01 00:00:00","2025-09-01 00:00:00",,,,,54223
446,"2025-08-01 00:00:00","2025-09-01 00:00:00",,,,,54906
446,"2025-08-01 00:00:00","2025-09-01 00:00:00",,,,,56075
446,"2025-08-01 00:00:00","2025-09-01 00:00:00",,,,,56073
446,"2025-08-01 00:00:00","2025-09-01 00:00:00",,,,,56064
446,"2025-08-01 00:00:00","2025-09-01 00:00:00",,,,,55438
446,"2025-08-01 00:00:00","2025-09-01 00:00:00",,,,,54906
446,"2025-08-01 00:00:00","2025-09-01 00:00:00",,,,,56075
446,"2025-08-01 00:00:00","2025-09-01 00:00:00",,,,,55439
446,"2025-08-01 00:00:00","2025-09-01 00:00:00",,,,,56075
446,"2025-08-01 00:00:00","2025-09-01 00:00:00",,,,,54921
446,"2025-08-01 00:00:00","2025-09-01 00:00:00",,,,,55439
446,"2025-08-01 00:00:00","2025-09-01 00:00:00",,,,,56075
446,"2025-08-01 00:00:00","2025-09-01 00:00:00",,,,,55438
446,"2025-08-01 00:00:00","2025-09-01 00:00:00",,,,,55438
446,"2025-08-01 00:00:00","2025-09-01 00:00:00",,,,,56074
446,"2025-08-01 00:00:00","2025-09-01 00:00:00",,,,,56074
446,"2025-08-01 00:00:00","2025-09-01 00:00:00",,,,,56073
446,"2025-08-01 00:00:00","2025-09-01 00:00:00",,,,,56073
446,"2025-08-01 00:00:00","2025-09-01 00:00:00",,,,,53385
446,"2025-08-01 00:00:00","2025-09-01 00:00:00",,,,,54921
446,"2025-08-01 00:00:00","2025-09-01 00:00:00",,,,,55439
449,"2025-08-01 00:00:00","2025-09-01 00:00:00",,,,,56130
449,"2025-08-01 00:00:00","2025-09-01 00:00:00",,,,,53324
449,"2025-08-01 00:00:00","2025-09-01 00:00:00",,,,,56131
449,"2025-08-01 00:00:00","2025-09-01 00:00:00",,,,,56131
449,"2025-08-01 00:00:00","2025-09-01 00:00:00",,,,,56132
449,"2025-08-01 00:00:00","2025-09-01 00:00:00",,,,,56132
449,"2025-08-01 00:00:00","2025-09-01 00:00:00",,,,,56134
449,"2025-08-01 00:00:00","2025-09-01 00:00:00",,,,,56134
449,"2025-08-01 00:00:00","2025-09-01 00:00:00",,,,,56129
449,"2025-08-01 00:00:00","2025-09-01 00:00:00",,,,,56135
449,"2025-08-01 00:00:00","2025-09-01 00:00:00",,,,,56126
449,"2025-08-01 00:00:00","2025-09-01 00:00:00",,,,,56135
449,"2025-08-01 00:00:00","2025-09-01 00:00:00",,,,,56134
449,"2025-08-01 00:00:00","2025-09-01 00:00:00",,,,,56129
449,"2025-08-01 00:00:00","2025-09-01 00:00:00",,,,,56129
449,"2025-08-01 00:00:00","2025-09-01 00:00:00",,,,,56127
449,"2025-08-01 00:00:00","2025-09-01 00:00:00",,,,,56127
449,"2025-08-01 00:00:00","2025-09-01 00:00:00",,,,,56127
449,"2025-08-01 00:00:00","2025-09-01 00:00:00",,,,,56126
449,"2025-08-01 00:00:00","2025-09-01 00:00:00",,,,,56126
449,"2025-08-01 00:00:00","2025-09-01 00:00:00",,,,,56125
449,"2025-08-01 00:00:00","2025-09-01 00:00:00",,,,,56125
449,"2025-08-01 00:00:00","2025-09-01 00:00:00",,,,,56125
449,"2025-08-01 00:00:00","2025-09-01 00:00:00",,,,,56136
449,"2025-08-01 00:00:00","2025-09-01 00:00:00",,,,,35220
449,"2025-08-01 00:00:00","2025-09-01 00:00:00",,,,,56127
449,"2025-08-01 00:00:00","2025-09-01 00:00:00",,,,,55350
449,"2025-08-01 00:00:00","2025-09-01 00:00:00",,,,,56130
449,"2025-08-01 00:00:00","2025-09-01 00:00:00",,,,,56200
449,"2025-08-01 00:00:00","2025-09-01 00:00:00",,,,,56154
449,"2025-08-01 00:00:00","2025-09-01 00:00:00",,,,,32097
449,"2025-08-01 00:00:00","2025-09-01 00:00:00",,,,,56153
449,"2025-08-01 00:00:00","2025-09-01 00:00:00",,,,,53335
449,"2025-08-01 00:00:00","2025-09-01 00:00:00",,,,,56152
449,"2025-08-01 00:00:00","2025-09-01 00:00:00",,,,,56151
449,"2025-08-01 00:00:00","2025-09-01 00:00:00",,,,,56150
449,"2025-08-01 00:00:00","2025-09-01 00:00:00",,,,,56149
449,"2025-08-01 00:00:00","2025-09-01 00:00:00",,,,,56148
449,"2025-08-01 00:00:00","2025-09-01 00:00:00",,,,,42905
449,"2025-08-01 00:00:00","2025-09-01 00:00:00",,,,,56147
449,"2025-08-01 00:00:00","2025-09-01 00:00:00",,,,,56136
449,"2025-08-01 00:00:00","2025-09-01 00:00:00",,,,,55348
449,"2025-08-01 00:00:00","2025-09-01 00:00:00",,,,,56146
449,"2025-08-01 00:00:00","2025-09-01 00:00:00",,,,,56145
449,"2025-08-01 00:00:00","2025-09-01 00:00:00",,,,,56144
449,"2025-08-01 00:00:00","2025-09-01 00:00:00",,,,,56143
449,"2025-08-01 00:00:00","2025-09-01 00:00:00",,,,,56142
449,"2025-08-01 00:00:00","2025-09-01 00:00:00",,,,,55346
449,"2025-08-01 00:00:00","2025-09-01 00:00:00",,,,,56141
449,"2025-08-01 00:00:00","2025-09-01 00:00:00",,,,,56138
449,"2025-08-01 00:00:00","2025-09-01 00:00:00",,,,,56137
449,"2025-08-01 00:00:00","2025-09-01 00:00:00",,,,,56139
449,"2025-08-01 00:00:00","2025-09-01 00:00:00",,,,,41058
449,"2025-08-01 00:00:00","2025-09-01 00:00:00",,,,,56108
449,"2025-08-01 00:00:00","2025-09-01 00:00:00",,,,,56113
449,"2025-08-01 00:00:00","2025-09-01 00:00:00",,,,,56113
449,"2025-08-01 00:00:00","2025-09-01 00:00:00",,,,,52062
449,"2025-08-01 00:00:00","2025-09-01 00:00:00",,,,,56112
449,"2025-08-01 00:00:00","2025-09-01 00:00:00",,,,,56112
449,"2025-08-01 00:00:00","2025-09-01 00:00:00",,,,,56112
449,"2025-08-01 00:00:00","2025-09-01 00:00:00",,,,,56111
449,"2025-08-01 00:00:00","2025-09-01 00:00:00",,,,,56111
449,"2025-08-01 00:00:00","2025-09-01 00:00:00",,,,,56110
449,"2025-08-01 00:00:00","2025-09-01 00:00:00",,,,,56110
449,"2025-08-01 00:00:00","2025-09-01 00:00:00",,,,,56109
449,"2025-08-01 00:00:00","2025-09-01 00:00:00",,,,,56113
449,"2025-08-01 00:00:00","2025-09-01 00:00:00",,,,,56108
449,"2025-08-01 00:00:00","2025-09-01 00:00:00",,,,,56110
449,"2025-08-01 00:00:00","2025-09-01 00:00:00",,,,,56108
449,"2025-08-01 00:00:00","2025-09-01 00:00:00",,,,,56104
449,"2025-08-01 00:00:00","2025-09-01 00:00:00",,,,,56104
449,"2025-08-01 00:00:00","2025-09-01 00:00:00",,,,,56104
449,"2025-08-01 00:00:00","2025-09-01 00:00:00",,,,,56103
449,"2025-08-01 00:00:00","2025-09-01 00:00:00",,,,,56103
449,"2025-08-01 00:00:00","2025-09-01 00:00:00",,,,,56102
449,"2025-08-01 00:00:00","2025-09-01 00:00:00",,,,,56102
449,"2025-08-01 00:00:00","2025-09-01 00:00:00",,,,,56102
449,"2025-08-01 00:00:00","2025-09-01 00:00:00",,,,,56130
449,"2025-08-01 00:00:00","2025-09-01 00:00:00",,,,,56101
449,"2025-08-01 00:00:00","2025-09-01 00:00:00",,,,,56108
449,"2025-08-01 00:00:00","2025-09-01 00:00:00",,,,,56123
449,"2025-08-01 00:00:00","2025-09-01 00:00:00",,,,,53324
449,"2025-08-01 00:00:00","2025-09-01 00:00:00",,,,,56109
449,"2025-08-01 00:00:00","2025-09-01 00:00:00",,,,,56123
449,"2025-08-01 00:00:00","2025-09-01 00:00:00",,,,,54837
449,"2025-08-01 00:00:00","2025-09-01 00:00:00",,,,,25106
449,"2025-08-01 00:00:00","2025-09-01 00:00:00",,,,,25106
449,"2025-08-01 00:00:00","2025-09-01 00:00:00",,,,,25106
449,"2025-08-01 00:00:00","2025-09-01 00:00:00",,,,,25106
449,"2025-08-01 00:00:00","2025-09-01 00:00:00",,,,,56121
449,"2025-08-01 00:00:00","2025-09-01 00:00:00",,,,,56121
449,"2025-08-01 00:00:00","2025-09-01 00:00:00",,,,,56120
449,"2025-08-01 00:00:00","2025-09-01 00:00:00",,,,,56120
449,"2025-08-01 00:00:00","2025-09-01 00:00:00",,,,,56119
449,"2025-08-01 00:00:00","2025-09-01 00:00:00",,,,,52058
449,"2025-08-01 00:00:00","2025-09-01 00:00:00",,,,,56124
449,"2025-08-01 00:00:00","2025-09-01 00:00:00",,,,,53324
449,"2025-08-01 00:00:00","2025-09-01 00:00:00",,,,,54837
449,"2025-08-01 00:00:00","2025-09-01 00:00:00",,,,,52058
449,"2025-08-01 00:00:00","2025-09-01 00:00:00",,,,,56116
449,"2025-08-01 00:00:00","2025-09-01 00:00:00",,,,,56116
449,"2025-08-01 00:00:00","2025-09-01 00:00:00",,,,,56118
449,"2025-08-01 00:00:00","2025-09-01 00:00:00",,,,,56118
449,"2025-08-01 00:00:00","2025-09-01 00:00:00",,,,,56119
449,"2025-08-01 00:00:00","2025-09-01 00:00:00",,,,,56116
449,"2025-08-01 00:00:00","2025-09-01 00:00:00",,,,,56119
449,"2025-08-01 00:00:00","2025-09-01 00:00:00",,,,,54837
450,"2025-08-15 00:00:00","2025-09-15 00:00:00",,,,,54977
450,"2025-08-15 00:00:00","2025-09-15 00:00:00",,,,,56174
450,"2025-08-15 00:00:00","2025-09-15 00:00:00",,,,,56174
450,"2025-08-15 00:00:00","2025-09-15 00:00:00",,,,,33529
450,"2025-08-15 00:00:00","2025-09-15 00:00:00",,,,,56171
450,"2025-08-15 00:00:00","2025-09-15 00:00:00",,,,,56169
450,"2025-08-15 00:00:00","2025-09-15 00:00:00",,,,,56173
450,"2025-08-15 00:00:00","2025-09-15 00:00:00",,,,,56174
450,"2025-08-15 00:00:00","2025-09-15 00:00:00",,,,,54984
450,"2025-08-15 00:00:00","2025-09-15 00:00:00",,,,,56169
450,"2025-08-15 00:00:00","2025-09-15 00:00:00",,,,,56172
450,"2025-08-15 00:00:00","2025-09-15 00:00:00",,,,,56174
450,"2025-08-15 00:00:00","2025-09-15 00:00:00",,,,,56175
450,"2025-08-15 00:00:00","2025-09-15 00:00:00",,,,,56175
450,"2025-08-15 00:00:00","2025-09-15 00:00:00",,,,,56175
450,"2025-08-15 00:00:00","2025-09-15 00:00:00",,,,,56175
450,"2025-08-15 00:00:00","2025-09-15 00:00:00",,,,,54984
450,"2025-08-15 00:00:00","2025-09-15 00:00:00",,,,,54985
450,"2025-08-15 00:00:00","2025-09-15 00:00:00",,,,,26502
450,"2025-08-15 00:00:00","2025-09-15 00:00:00",,,,,26502
450,"2025-08-15 00:00:00","2025-09-15 00:00:00",,,,,56169
450,"2025-08-15 00:00:00","2025-09-15 00:00:00",,,,,56168
450,"2025-08-15 00:00:00","2025-09-15 00:00:00",,,,,54984
450,"2025-08-15 00:00:00","2025-09-15 00:00:00",,,,,56158
450,"2025-08-15 00:00:00","2025-09-15 00:00:00",,,,,56164
450,"2025-08-15 00:00:00","2025-09-15 00:00:00",,,,,56170
450,"2025-08-15 00:00:00","2025-09-15 00:00:00",,,,,49132
450,"2025-08-15 00:00:00","2025-09-15 00:00:00",,,,,49132
450,"2025-08-15 00:00:00","2025-09-15 00:00:00",,,,,56157
450,"2025-08-15 00:00:00","2025-09-15 00:00:00",,,,,56157
450,"2025-08-15 00:00:00","2025-09-15 00:00:00",,,,,56158
450,"2025-08-15 00:00:00","2025-09-15 00:00:00",,,,,49132
450,"2025-08-15 00:00:00","2025-09-15 00:00:00",,,,,54959
450,"2025-08-15 00:00:00","2025-09-15 00:00:00",,,,,54959
450,"2025-08-15 00:00:00","2025-09-15 00:00:00",,,,,56159
450,"2025-08-15 00:00:00","2025-09-15 00:00:00",,,,,56159
450,"2025-08-15 00:00:00","2025-09-15 00:00:00",,,,,54966
450,"2025-08-15 00:00:00","2025-09-15 00:00:00",,,,,56163
450,"2025-08-15 00:00:00","2025-09-15 00:00:00",,,,,56163
450,"2025-08-15 00:00:00","2025-09-15 00:00:00",,,,,56158
450,"2025-08-15 00:00:00","2025-09-15 00:00:00",,,,,56164
450,"2025-08-15 00:00:00","2025-09-15 00:00:00",,,,,54966
450,"2025-08-15 00:00:00","2025-09-15 00:00:00",,,,,56164
450,"2025-08-15 00:00:00","2025-09-15 00:00:00",,,,,56163
450,"2025-08-15 00:00:00","2025-09-15 00:00:00",,,,,56161
450,"2025-08-15 00:00:00","2025-09-15 00:00:00",,,,,56161
450,"2025-08-15 00:00:00","2025-09-15 00:00:00",,,,,56161
450,"2025-08-15 00:00:00","2025-09-15 00:00:00",,,,,56161
450,"2025-08-15 00:00:00","2025-09-15 00:00:00",,,,,54967
451,"2025-08-01 00:00:00","2025-09-01 00:00:00",,,,,55016
451,"2025-08-01 00:00:00","2025-09-01 00:00:00",,,,,55471
451,"2025-08-01 00:00:00","2025-09-01 00:00:00",,,,,56193
451,"2025-08-01 00:00:00","2025-09-01 00:00:00",,,,,56193
451,"2025-08-01 00:00:00","2025-09-01 00:00:00",,,,,56193
451,"2025-08-01 00:00:00","2025-09-01 00:00:00",,,,,55016
451,"2025-08-01 00:00:00","2025-09-01 00:00:00",,,,,55471
451,"2025-08-01 00:00:00","2025-09-01 00:00:00",,,,,55471
451,"2025-08-01 00:00:00","2025-09-01 00:00:00",,,,,55471
451,"2025-08-01 00:00:00","2025-09-01 00:00:00",,,,,55472
451,"2025-08-01 00:00:00","2025-09-01 00:00:00",,,,,55472
451,"2025-08-01 00:00:00","2025-09-01 00:00:00",,,,,55472
451,"2025-08-01 00:00:00","2025-09-01 00:00:00",,,,,52216
451,"2025-08-01 00:00:00","2025-09-01 00:00:00",,,,,55471
451,"2025-08-01 00:00:00","2025-09-01 00:00:00",,,,,55825
451,"2025-08-01 00:00:00","2025-09-01 00:00:00",,,,,55821
451,"2025-08-01 00:00:00","2025-09-01 00:00:00",,,,,55821
451,"2025-08-01 00:00:00","2025-09-01 00:00:00",,,,,55821
451,"2025-08-01 00:00:00","2025-09-01 00:00:00",,,,,55821
451,"2025-08-01 00:00:00","2025-09-01 00:00:00",,,,,56197
451,"2025-08-01 00:00:00","2025-09-01 00:00:00",,,,,52299
451,"2025-08-01 00:00:00","2025-09-01 00:00:00",,,,,52299
451,"2025-08-01 00:00:00","2025-09-01 00:00:00",,,,,55825
451,"2025-08-01 00:00:00","2025-09-01 00:00:00",,,,,52216
451,"2025-08-01 00:00:00","2025-09-01 00:00:00",,,,,55825
451,"2025-08-01 00:00:00","2025-09-01 00:00:00",,,,,52213
451,"2025-08-01 00:00:00","2025-09-01 00:00:00",,,,,52213
451,"2025-08-01 00:00:00","2025-09-01 00:00:00",,,,,52216
451,"2025-08-01 00:00:00","2025-09-01 00:00:00",,,,,52216
451,"2025-08-01 00:00:00","2025-09-01 00:00:00",,,,,52216
451,"2025-08-01 00:00:00","2025-09-01 00:00:00",,,,,56195
451,"2025-08-01 00:00:00","2025-09-01 00:00:00",,,,,56198
451,"2025-08-01 00:00:00","2025-09-01 00:00:00",,,,,51387
451,"2025-08-01 00:00:00","2025-09-01 00:00:00",,,,,55821
451,"2025-08-01 00:00:00","2025-09-01 00:00:00",,,,,56177
451,"2025-08-01 00:00:00","2025-09-01 00:00:00",,,,,56177
451,"2025-08-01 00:00:00","2025-09-01 00:00:00",,,,,56177
451,"2025-08-01 00:00:00","2025-09-01 00:00:00",,,,,54299
451,"2025-08-01 00:00:00","2025-09-01 00:00:00",,,,,54299
451,"2025-08-01 00:00:00","2025-09-01 00:00:00",,,,,56177
451,"2025-08-01 00:00:00","2025-09-01 00:00:00",,,,,51387
451,"2025-08-01 00:00:00","2025-09-01 00:00:00",,,,,51387
451,"2025-08-01 00:00:00","2025-09-01 00:00:00",,,,,51386
451,"2025-08-01 00:00:00","2025-09-01 00:00:00",,,,,51386
451,"2025-08-01 00:00:00","2025-09-01 00:00:00",,,,,51386
451,"2025-08-01 00:00:00","2025-09-01 00:00:00",,,,,56197
451,"2025-08-01 00:00:00","2025-09-01 00:00:00",,,,,56196
451,"2025-08-01 00:00:00","2025-09-01 00:00:00",,,,,56195
451,"2025-08-01 00:00:00","2025-09-01 00:00:00",,,,,56195
451,"2025-08-01 00:00:00","2025-09-01 00:00:00",,,,,52222
451,"2025-08-01 00:00:00","2025-09-01 00:00:00",,,,,52222
451,"2025-08-01 00:00:00","2025-09-01 00:00:00",,,,,52222
451,"2025-08-01 00:00:00","2025-09-01 00:00:00",,,,,51386
451,"2025-08-01 00:00:00","2025-09-01 00:00:00",,,,,52222
451,"2025-08-01 00:00:00","2025-09-01 00:00:00",,,,,56198
451,"2025-08-01 00:00:00","2025-09-01 00:00:00",,,,,56196
451,"2025-08-01 00:00:00","2025-09-01 00:00:00",,,,,56197
451,"2025-08-01 00:00:00","2025-09-01 00:00:00",,,,,56197
451,"2025-08-01 00:00:00","2025-09-01 00:00:00",,,,,56198
451,"2025-08-01 00:00:00","2025-09-01 00:00:00",,,,,56198
451,"2025-08-01 00:00:00","2025-09-01 00:00:00",,,,,56195
451,"2025-08-01 00:00:00","2025-09-01 00:00:00",,,,,52222
451,"2025-08-01 00:00:00","2025-09-01 00:00:00",,,,,56184
451,"2025-08-01 00:00:00","2025-09-01 00:00:00",,,,,56186
451,"2025-08-01 00:00:00","2025-09-01 00:00:00",,,,,56182
451,"2025-08-01 00:00:00","2025-09-01 00:00:00",,,,,55454
451,"2025-08-01 00:00:00","2025-09-01 00:00:00",,,,,55454
451,"2025-08-01 00:00:00","2025-09-01 00:00:00",,,,,55454
451,"2025-08-01 00:00:00","2025-09-01 00:00:00",,,,,56181
451,"2025-08-01 00:00:00","2025-09-01 00:00:00",,,,,56184
451,"2025-08-01 00:00:00","2025-09-01 00:00:00",,,,,56181
451,"2025-08-01 00:00:00","2025-09-01 00:00:00",,,,,56185
451,"2025-08-01 00:00:00","2025-09-01 00:00:00",,,,,56185
451,"2025-08-01 00:00:00","2025-09-01 00:00:00",,,,,56185
451,"2025-08-01 00:00:00","2025-09-01 00:00:00",,,,,56185
451,"2025-08-01 00:00:00","2025-09-01 00:00:00",,,,,56185
451,"2025-08-01 00:00:00","2025-09-01 00:00:00",,,,,56186
451,"2025-08-01 00:00:00","2025-09-01 00:00:00",,,,,56184
451,"2025-08-01 00:00:00","2025-09-01 00:00:00",,,,,53620
451,"2025-08-01 00:00:00","2025-09-01 00:00:00",,,,,56192
451,"2025-08-01 00:00:00","2025-09-01 00:00:00",,,,,54299
451,"2025-08-01 00:00:00","2025-09-01 00:00:00",,,,,56179
451,"2025-08-01 00:00:00","2025-09-01 00:00:00",,,,,56179
451,"2025-08-01 00:00:00","2025-09-01 00:00:00",,,,,56179
451,"2025-08-01 00:00:00","2025-09-01 00:00:00",,,,,56182
451,"2025-08-01 00:00:00","2025-09-01 00:00:00",,,,,53620
451,"2025-08-01 00:00:00","2025-09-01 00:00:00",,,,,56181
451,"2025-08-01 00:00:00","2025-09-01 00:00:00",,,,,53620
451,"2025-08-01 00:00:00","2025-09-01 00:00:00",,,,,44386
451,"2025-08-01 00:00:00","2025-09-01 00:00:00",,,,,44386
451,"2025-08-01 00:00:00","2025-09-01 00:00:00",,,,,44386
451,"2025-08-01 00:00:00","2025-09-01 00:00:00",,,,,44386
451,"2025-08-01 00:00:00","2025-09-01 00:00:00",,,,,56181
451,"2025-08-01 00:00:00","2025-09-01 00:00:00",,,,,53620
451,"2025-08-01 00:00:00","2025-09-01 00:00:00",,,,,44322
451,"2025-08-01 00:00:00","2025-09-01 00:00:00",,,,,45784
451,"2025-08-01 00:00:00","2025-09-01 00:00:00",,,,,45784
451,"2025-08-01 00:00:00","2025-09-01 00:00:00",,,,,45784
451,"2025-08-01 00:00:00","2025-09-01 00:00:00",,,,,45784
451,"2025-08-01 00:00:00","2025-09-01 00:00:00",,,,,55869
451,"2025-08-01 00:00:00","2025-09-01 00:00:00",,,,,55869
451,"2025-08-01 00:00:00","2025-09-01 00:00:00",,,,,45784
451,"2025-08-01 00:00:00","2025-09-01 00:00:00",,,,,44322
451,"2025-08-01 00:00:00","2025-09-01 00:00:00",,,,,56192
451,"2025-08-01 00:00:00","2025-09-01 00:00:00",,,,,44322
451,"2025-08-01 00:00:00","2025-09-01 00:00:00",,,,,44322
451,"2025-08-01 00:00:00","2025-09-01 00:00:00",,,,,44322
451,"2025-08-01 00:00:00","2025-09-01 00:00:00",,,,,56186
451,"2025-08-01 00:00:00","2025-09-01 00:00:00",,,,,56192
451,"2025-08-01 00:00:00","2025-09-01 00:00:00",,,,,56181
451,"2025-08-01 00:00:00","2025-09-01 00:00:00",,,,,55869
451,"2025-08-01 00:00:00","2025-09-01 00:00:00",,,,,56187
451,"2025-08-01 00:00:00","2025-09-01 00:00:00",,,,,56187
451,"2025-08-01 00:00:00","2025-09-01 00:00:00",,,,,56187
451,"2025-08-01 00:00:00","2025-09-01 00:00:00",,,,,56188
451,"2025-08-01 00:00:00","2025-09-01 00:00:00",,,,,56188
451,"2025-08-01 00:00:00","2025-09-01 00:00:00",,,,,56188
451,"2025-08-01 00:00:00","2025-09-01 00:00:00",,,,,56188
451,"2025-08-01 00:00:00","2025-09-01 00:00:00",,,,,56188
451,"2025-08-01 00:00:00","2025-09-01 00:00:00",,,,,53013
451,"2025-08-01 00:00:00","2025-09-01 00:00:00",,,,,53013
451,"2025-08-01 00:00:00","2025-09-01 00:00:00",,,,,53013
451,"2025-08-01 00:00:00","2025-09-01 00:00:00",,,,,45784
451,"2025-08-01 00:00:00","2025-09-01 00:00:00",,,,,45784
451,"2025-08-01 00:00:00","2025-09-01 00:00:00",,,,,53013
451,"2025-08-01 00:00:00","2025-09-01 00:00:00",,,,,56186
453,"2025-08-15 00:00:00",,,,,,17074
453,"2025-08-15 00:00:00",,,,,,47637
453,"2025-08-15 00:00:00",,,,,,47637
453,"2025-08-15 00:00:00",,,,,,44515
453,"2025-08-15 00:00:00",,,,,,44515
453,"2025-08-15 00:00:00",,,,,,49214
453,"2025-08-15 00:00:00",,,,,,49214
453,"2025-08-15 00:00:00",,,,,,24118
453,"2025-08-15 00:00:00",,,,,,24118
453,"2025-08-15 00:00:00",,,,,,24118
453,"2025-08-15 00:00:00",,,,,,17074
453,"2025-08-15 00:00:00",,,,,,35014
453,"2025-08-15 00:00:00",,,,,,47637
453,"2025-08-15 00:00:00",,,,,,44378
453,"2025-08-15 00:00:00",,,,,,22409
453,"2025-08-15 00:00:00",,,,,,17074
453,"2025-08-15 00:00:00",,,,,,44378
453,"2025-08-15 00:00:00",,,,,,37906
453,"2025-08-15 00:00:00",,,,,,56230
453,"2025-08-15 00:00:00",,,,,,44378
453,"2025-08-15 00:00:00",,,,,,44378
453,"2025-08-15 00:00:00",,,,,,44378
453,"2025-08-15 00:00:00",,,,,,55124
453,"2025-08-15 00:00:00",,,,,,22409
453,"2025-08-15 00:00:00",,,,,,49188
453,"2025-08-15 00:00:00",,,,,,56231
453,"2025-08-15 00:00:00",,,,,,49236
453,"2025-08-15 00:00:00",,,,,,49237
453,"2025-08-15 00:00:00",,,,,,49235
453,"2025-08-15 00:00:00",,,,,,49234
453,"2025-08-15 00:00:00",,,,,,53463
453,"2025-08-15 00:00:00",,,,,,44378
453,"2025-08-15 00:00:00",,,,,,56226
453,"2025-08-15 00:00:00",,,,,,37906
453,"2025-08-15 00:00:00",,,,,,37906
453,"2025-08-15 00:00:00",,,,,,56229
453,"2025-08-15 00:00:00",,,,,,56228
453,"2025-08-15 00:00:00",,,,,,56227
453,"2025-08-15 00:00:00",,,,,,50293
453,"2025-08-15 00:00:00",,,,,,44249
453,"2025-08-15 00:00:00",,,,,,56224
453,"2025-08-15 00:00:00",,,,,,44248
453,"2025-08-15 00:00:00",,,,,,44247
453,"2025-08-15 00:00:00",,,,,,22409
453,"2025-08-15 00:00:00",,,,,,56224
453,"2025-08-15 00:00:00",,,,,,37906
453,"2025-08-15 00:00:00",,,,,,56222
453,"2025-08-15 00:00:00",,,,,,44250
453,"2025-08-15 00:00:00",,,,,,49215
453,"2025-08-15 00:00:00",,,,,,36712
453,"2025-08-15 00:00:00",,,,,,56224
453,"2025-08-15 00:00:00",,,,,,50293
453,"2025-08-15 00:00:00",,,,,,36712
453,"2025-08-15 00:00:00",,,,,,49215
453,"2025-08-15 00:00:00",,,,,,36522
453,"2025-08-15 00:00:00",,,,,,36522
453,"2025-08-15 00:00:00",,,,,,36522
453,"2025-08-15 00:00:00",,,,,,40070
453,"2025-08-15 00:00:00",,,,,,40070
453,"2025-08-15 00:00:00",,,,,,23176
453,"2025-08-15 00:00:00",,,,,,23176
453,"2025-08-15 00:00:00",,,,,,50293
453,"2025-08-15 00:00:00",,,,,,36522
453,"2025-08-15 00:00:00",,,,,,50293
454,"2025-07-01 00:00:00",,,,,,53795
454,"2025-07-01 00:00:00",,,,,,54951
454,"2025-07-01 00:00:00",,,,,,54951
454,"2025-07-01 00:00:00",,,,,,53795
454,"2025-07-01 00:00:00",,,,,,56237
454,"2025-07-01 00:00:00",,,,,,53795
454,"2025-07-01 00:00:00",,,,,,53795
454,"2025-07-01 00:00:00",,,,,,53795
454,"2025-07-01 00:00:00",,,,,,53795
454,"2025-07-01 00:00:00",,,,,,53795
454,"2025-07-01 00:00:00",,,,,,53795
454,"2025-07-01 00:00:00",,,,,,54951
454,"2025-07-01 00:00:00",,,,,,50972
454,"2025-07-01 00:00:00",,,,,,53795
454,"2025-07-01 00:00:00",,,,,,54951
454,"2025-07-01 00:00:00",,,,,,54951
454,"2025-07-01 00:00:00",,,,,,54951
454,"2025-07-01 00:00:00",,,,,,50972
454,"2025-07-01 00:00:00",,,,,,54951
454,"2025-07-01 00:00:00",,,,,,54951
454,"2025-07-01 00:00:00",,,,,,50972
454,"2025-07-01 00:00:00",,,,,,50972
454,"2025-07-01 00:00:00",,,,,,50972
454,"2025-07-01 00:00:00",,,,,,50972
454,"2025-07-01 00:00:00",,,,,,50972
454,"2025-07-01 00:00:00",,,,,,50972
454,"2025-07-01 00:00:00",,,,,,28630
454,"2025-07-01 00:00:00",,,,,,56237
454,"2025-07-01 00:00:00",,,,,,54951
454,"2025-07-01 00:00:00",,,,,,25733
454,"2025-07-01 00:00:00",,,,,,56237
454,"2025-07-01 00:00:00",,,,,,28630
454,"2025-07-01 00:00:00",,,,,,25733
454,"2025-07-01 00:00:00",,,,,,25733
454,"2025-07-01 00:00:00",,,,,,25733
454,"2025-07-01 00:00:00",,,,,,25733
454,"2025-07-01 00:00:00",,,,,,25733
454,"2025-07-01 00:00:00",,,,,,28630
454,"2025-07-01 00:00:00",,,,,,28630
454,"2025-07-01 00:00:00",,,,,,28630
454,"2025-07-01 00:00:00",,,,,,30896
454,"2025-07-01 00:00:00",,,,,,30896
454,"2025-07-01 00:00:00",,,,,,49303
454,"2025-07-01 00:00:00",,,,,,56237
454,"2025-07-01 00:00:00",,,,,,56237
454,"2025-07-01 00:00:00",,,,,,25733
454,"2025-07-01 00:00:00",,,,,,49303
454,"2025-07-01 00:00:00",,,,,,56237
454,"2025-07-01 00:00:00",,,,,,56237
454,"2025-07-01 00:00:00",,,,,,56237
454,"2025-07-01 00:00:00",,,,,,49303
454,"2025-07-01 00:00:00",,,,,,49303
454,"2025-07-01 00:00:00",,,,,,49303
454,"2025-07-01 00:00:00",,,,,,49303
454,"2025-07-01 00:00:00",,,,,,49303
454,"2025-07-01 00:00:00",,,,,,49303
454,"2025-07-01 00:00:00",,,,,,49303
454,"2025-07-01 00:00:00",,,,,,56237
455,"2025-09-01 00:00:00",,,,,,56247
455,"2025-09-01 00:00:00",,,,,,56247
455,"2025-09-01 00:00:00",,,,,,55035
455,"2025-09-01 00:00:00",,,,,,55046
455,"2025-09-01 00:00:00",,,,,,55046
455,"2025-09-01 00:00:00",,,,,,55046
455,"2025-09-01 00:00:00",,,,,,55046
455,"2025-09-01 00:00:00",,,,,,55035
455,"2025-09-01 00:00:00",,,,,,55035
455,"2025-09-01 00:00:00",,,,,,55035
455,"2025-09-01 00:00:00",,,,,,55035
455,"2025-09-01 00:00:00",,,,,,56249
455,"2025-09-01 00:00:00",,,,,,55048
455,"2025-09-01 00:00:00",,,,,,56247
455,"2025-09-01 00:00:00",,,,,,56249
455,"2025-09-01 00:00:00",,,,,,56249
455,"2025-09-01 00:00:00",,,,,,56240
455,"2025-09-01 00:00:00",,,,,,56249
455,"2025-09-01 00:00:00",,,,,,56247
455,"2025-09-01 00:00:00",,,,,,56241
455,"2025-09-01 00:00:00",,,,,,56241
455,"2025-09-01 00:00:00",,,,,,56241
455,"2025-09-01 00:00:00",,,,,,56241
455,"2025-09-01 00:00:00",,,,,,56240
455,"2025-09-01 00:00:00",,,,,,56242
455,"2025-09-01 00:00:00",,,,,,56242
455,"2025-09-01 00:00:00",,,,,,56242
455,"2025-09-01 00:00:00",,,,,,56242
455,"2025-09-01 00:00:00",,,,,,56242
455,"2025-09-01 00:00:00",,,,,,56247
455,"2025-09-01 00:00:00",,,,,,56241
455,"2025-09-01 00:00:00",,,,,,56246
455,"2025-09-01 00:00:00",,,,,,56243
455,"2025-09-01 00:00:00",,,,,,56246
455,"2025-09-01 00:00:00",,,,,,56246
455,"2025-09-01 00:00:00",,,,,,56246
455,"2025-09-01 00:00:00",,,,,,56244
455,"2025-09-01 00:00:00",,,,,,56244
455,"2025-09-01 00:00:00",,,,,,56244
455,"2025-09-01 00:00:00",,,,,,56244
455,"2025-09-01 00:00:00",,,,,,56244
455,"2025-09-01 00:00:00",,,,,,56246
456,"2025-08-01 00:00:00",,,,,,56254
456,"2025-08-01 00:00:00",,,,,,56256
456,"2025-08-01 00:00:00",,,,,,56255
456,"2025-08-01 00:00:00",,,,,,56254
456,"2025-08-01 00:00:00",,,,,,56254
456,"2025-08-01 00:00:00",,,,,,56255
456,"2025-08-01 00:00:00",,,,,,56255
456,"2025-08-01 00:00:00",,,,,,56255
456,"2025-08-01 00:00:00",,,,,,56255
456,"2025-08-01 00:00:00",,,,,,56256
456,"2025-08-01 00:00:00",,,,,,56256
456,"2025-08-01 00:00:00",,,,,,49986
456,"2025-08-01 00:00:00",,,,,,56252
456,"2025-08-01 00:00:00",,,,,,49986
456,"2025-08-01 00:00:00",,,,,,56256
456,"2025-08-01 00:00:00",,,,,,56251
456,"2025-08-01 00:00:00",,,,,,56251
456,"2025-08-01 00:00:00",,,,,,56251
456,"2025-08-01 00:00:00",,,,,,56251
456,"2025-08-01 00:00:00",,,,,,56252
456,"2025-08-01 00:00:00",,,,,,56251
456,"2025-08-01 00:00:00",,,,,,56252
456,"2025-08-01 00:00:00",,,,,,56251
456,"2025-08-01 00:00:00",,,,,,56251
456,"2025-08-01 00:00:00",,,,,,56251
456,"2025-08-01 00:00:00",,,,,,56251
456,"2025-08-01 00:00:00",,,,,,49986
456,"2025-08-01 00:00:00",,,,,,56251
456,"2025-08-01 00:00:00",,,,,,49986
456,"2025-08-01 00:00:00",,,,,,56252
456,"2025-08-01 00:00:00",,,,,,56252
456,"2025-08-01 00:00:00",,,,,,49986
456,"2025-08-01 00:00:00",,,,,,49986
456,"2025-08-01 00:00:00",,,,,,49986
456,"2025-08-01 00:00:00",,,,,,49986
456,"2025-08-01 00:00:00",,,,,,49986
456,"2025-08-01 00:00:00",,,,,,49986
456,"2025-08-01 00:00:00",,,,,,56252
458,"2025-08-15 00:00:00",,,,,,56312
458,"2025-08-15 00:00:00",,,,,,56313
458,"2025-08-15 00:00:00",,,,,,55763
458,"2025-08-15 00:00:00",,,,,,44347
458,"2025-08-15 00:00:00",,,,,,44347
458,"2025-08-15 00:00:00",,,,,,52173
458,"2025-08-15 00:00:00",,,,,,52174
458,"2025-08-15 00:00:00",,,,,,52174
458,"2025-08-15 00:00:00",,,,,,52172
458,"2025-08-15 00:00:00",,,,,,56314
458,"2025-08-15 00:00:00",,,,,,52172
458,"2025-08-15 00:00:00",,,,,,56320
458,"2025-08-15 00:00:00",,,,,,56313
458,"2025-08-15 00:00:00",,,,,,56320
458,"2025-08-15 00:00:00",,,,,,56320
458,"2025-08-15 00:00:00",,,,,,56320
458,"2025-08-15 00:00:00",,,,,,44348
458,"2025-08-15 00:00:00",,,,,,56319
458,"2025-08-15 00:00:00",,,,,,42424
458,"2025-08-15 00:00:00",,,,,,56316
458,"2025-08-15 00:00:00",,,,,,56313
458,"2025-08-15 00:00:00",,,,,,56317
458,"2025-08-15 00:00:00",,,,,,44343
458,"2025-08-15 00:00:00",,,,,,43756
458,"2025-08-15 00:00:00",,,,,,56315
458,"2025-08-15 00:00:00",,,,,,56315
458,"2025-08-15 00:00:00",,,,,,56314
458,"2025-08-15 00:00:00",,,,,,56318
459,"2025-08-20 00:00:00","2025-09-15 00:00:00","2025-11-15 00:00:00",,,,56401
459,"2025-08-20 00:00:00","2025-09-15 00:00:00","2025-11-15 00:00:00",,,,54438
459,"2025-08-20 00:00:00","2025-09-15 00:00:00","2025-11-15 00:00:00",,,,46040
459,"2025-08-20 00:00:00","2025-09-15 00:00:00","2025-11-15 00:00:00",,,,46039
459,"2025-08-20 00:00:00","2025-09-15 00:00:00","2025-11-15 00:00:00",,,,52237
459,"2025-08-20 00:00:00","2025-09-15 00:00:00","2025-11-15 00:00:00",,,,56402
459,"2025-08-20 00:00:00","2025-09-15 00:00:00","2025-11-15 00:00:00",,,,56400
459,"2025-08-20 00:00:00","2025-09-15 00:00:00","2025-11-15 00:00:00",,,,56406
459,"2025-08-20 00:00:00","2025-09-15 00:00:00","2025-11-15 00:00:00",,,,52239
459,"2025-08-20 00:00:00","2025-09-15 00:00:00","2025-11-15 00:00:00",,,,56403
459,"2025-08-20 00:00:00","2025-09-15 00:00:00","2025-11-15 00:00:00",,,,46051
459,"2025-08-20 00:00:00","2025-09-15 00:00:00","2025-11-15 00:00:00",,,,56409
459,"2025-08-20 00:00:00","2025-09-15 00:00:00","2025-11-15 00:00:00",,,,56405
459,"2025-08-20 00:00:00","2025-09-15 00:00:00","2025-11-15 00:00:00",,,,56407
459,"2025-08-20 00:00:00","2025-09-15 00:00:00","2025-11-15 00:00:00",,,,56408
459,"2025-08-20 00:00:00","2025-09-15 00:00:00","2025-11-15 00:00:00",,,,56399
459,"2025-08-20 00:00:00","2025-09-15 00:00:00","2025-11-15 00:00:00",,,,55675
459,"2025-08-20 00:00:00","2025-09-15 00:00:00","2025-11-15 00:00:00",,,,55671
459,"2025-08-20 00:00:00","2025-09-15 00:00:00","2025-11-15 00:00:00",,,,56395
459,"2025-08-20 00:00:00","2025-09-15 00:00:00","2025-11-15 00:00:00",,,,56398
459,"2025-08-20 00:00:00","2025-09-15 00:00:00","2025-11-15 00:00:00",,,,56404
459,"2025-08-20 00:00:00","2025-09-15 00:00:00","2025-11-15 00:00:00",,,,46089
459,"2025-08-20 00:00:00","2025-09-15 00:00:00","2025-11-15 00:00:00",,,,55219
459,"2025-08-20 00:00:00","2025-09-15 00:00:00","2025-11-15 00:00:00",,,,50167
459,"2025-08-20 00:00:00","2025-09-15 00:00:00","2025-11-15 00:00:00",,,,53750
459,"2025-08-20 00:00:00","2025-09-15 00:00:00","2025-11-15 00:00:00",,,,55852
459,"2025-08-20 00:00:00","2025-09-15 00:00:00","2025-11-15 00:00:00",,,,46090
459,"2025-08-20 00:00:00","2025-09-15 00:00:00","2025-11-15 00:00:00",,,,46031
459,"2025-08-20 00:00:00","2025-09-15 00:00:00","2025-11-15 00:00:00",,,,55667
459,"2025-08-20 00:00:00","2025-09-15 00:00:00","2025-11-15 00:00:00",,,,55668
459,"2025-08-20 00:00:00","2025-09-15 00:00:00","2025-11-15 00:00:00",,,,52224
459,"2025-08-20 00:00:00","2025-09-15 00:00:00","2025-11-15 00:00:00",,,,52227
459,"2025-08-20 00:00:00","2025-09-15 00:00:00","2025-11-15 00:00:00",,,,56396
459,"2025-08-20 00:00:00","2025-09-15 00:00:00","2025-11-15 00:00:00",,,,56397
459,"2025-08-20 00:00:00","2025-09-15 00:00:00","2025-11-15 00:00:00",,,,52226
459,"2025-08-20 00:00:00","2025-09-15 00:00:00","2025-11-15 00:00:00",,,,55670
459,"2025-08-20 00:00:00","2025-09-15 00:00:00","2025-11-15 00:00:00",,,,55666
461,"2026-03-15 00:00:00",,,,,,55141
461,"2026-03-15 00:00:00",,,,,,55141
461,"2026-03-15 00:00:00",,,,,,55141
461,"2026-03-15 00:00:00",,,,,,39130
461,"2026-03-15 00:00:00",,,,,,39130
461,"2026-03-15 00:00:00",,,,,,55141
461,"2026-03-15 00:00:00",,,,,,39130
461,"2026-03-15 00:00:00",,,,,,39130
461,"2026-03-15 00:00:00",,,,,,55141
461,"2026-03-15 00:00:00",,,,,,55141
461,"2026-03-15 00:00:00",,,,,,55141
461,"2026-03-15 00:00:00",,,,,,55141
461,"2026-03-15 00:00:00",,,,,,55141
461,"2026-03-15 00:00:00",,,,,,55141
461,"2026-03-15 00:00:00",,,,,,39130
461,"2026-03-15 00:00:00",,,,,,55389
461,"2026-03-15 00:00:00",,,,,,40246
461,"2026-03-15 00:00:00",,,,,,55389
461,"2026-03-15 00:00:00",,,,,,55389
461,"2026-03-15 00:00:00",,,,,,45616
461,"2026-03-15 00:00:00",,,,,,40246
461,"2026-03-15 00:00:00",,,,,,56493
461,"2026-03-15 00:00:00",,,,,,55389
461,"2026-03-15 00:00:00",,,,,,45616
461,"2026-03-15 00:00:00",,,,,,45616
461,"2026-03-15 00:00:00",,,,,,45616
461,"2026-03-15 00:00:00",,,,,,56491
461,"2026-03-15 00:00:00",,,,,,56491
461,"2026-03-15 00:00:00",,,,,,40246
461,"2026-03-15 00:00:00",,,,,,40246
461,"2026-03-15 00:00:00",,,,,,40246
461,"2026-03-15 00:00:00",,,,,,39130
461,"2026-03-15 00:00:00",,,,,,40246
461,"2026-03-15 00:00:00",,,,,,40246
461,"2026-03-15 00:00:00",,,,,,40246
461,"2026-03-15 00:00:00",,,,,,40246
461,"2026-03-15 00:00:00",,,,,,39130
461,"2026-03-15 00:00:00",,,,,,39130
461,"2026-03-15 00:00:00",,,,,,39130
461,"2026-03-15 00:00:00",,,,,,39130
461,"2026-03-15 00:00:00",,,,,,40246
461,"2026-03-15 00:00:00",,,,,,43004
461,"2026-03-15 00:00:00",,,,,,56493
461,"2026-03-15 00:00:00",,,,,,56493
461,"2026-03-15 00:00:00",,,,,,45616
461,"2026-03-15 00:00:00",,,,,,56493
461,"2026-03-15 00:00:00",,,,,,56489
461,"2026-03-15 00:00:00",,,,,,56493
461,"2026-03-15 00:00:00",,,,,,56493
461,"2026-03-15 00:00:00",,,,,,56493
461,"2026-03-15 00:00:00",,,,,,56493
461,"2026-03-15 00:00:00",,,,,,43004
461,"2026-03-15 00:00:00",,,,,,41915
461,"2026-03-15 00:00:00",,,,,,43004
461,"2026-03-15 00:00:00",,,,,,43004
461,"2026-03-15 00:00:00",,,,,,43004
461,"2026-03-15 00:00:00",,,,,,43004
461,"2026-03-15 00:00:00",,,,,,43004
461,"2026-03-15 00:00:00",,,,,,43004
461,"2026-03-15 00:00:00",,,,,,54880
461,"2026-03-15 00:00:00",,,,,,54880
461,"2026-03-15 00:00:00",,,,,,43004
461,"2026-03-15 00:00:00",,,,,,56492
461,"2026-03-15 00:00:00",,,,,,55389
461,"2026-03-15 00:00:00",,,,,,55389
461,"2026-03-15 00:00:00",,,,,,55389
461,"2026-03-15 00:00:00",,,,,,56492
461,"2026-03-15 00:00:00",,,,,,56492
461,"2026-03-15 00:00:00",,,,,,56492
461,"2026-03-15 00:00:00",,,,,,56492
461,"2026-03-15 00:00:00",,,,,,56492
461,"2026-03-15 00:00:00",,,,,,56493
461,"2026-03-15 00:00:00",,,,,,56492
461,"2026-03-15 00:00:00",,,,,,55389
461,"2026-03-15 00:00:00",,,,,,41915
461,"2026-03-15 00:00:00",,,,,,41915
461,"2026-03-15 00:00:00",,,,,,41915
461,"2026-03-15 00:00:00",,,,,,41915
461,"2026-03-15 00:00:00",,,,,,41915
461,"2026-03-15 00:00:00",,,,,,41915
461,"2026-03-15 00:00:00",,,,,,41915
461,"2026-03-15 00:00:00",,,,,,41915
461,"2026-03-15 00:00:00",,,,,,56492
461,"2026-03-15 00:00:00",,,,,,56488
461,"2026-03-15 00:00:00",,,,,,54135
461,"2026-03-15 00:00:00",,,,,,56486
461,"2026-03-15 00:00:00",,,,,,56486
461,"2026-03-15 00:00:00",,,,,,56487
461,"2026-03-15 00:00:00",,,,,,56487
461,"2026-03-15 00:00:00",,,,,,56487
461,"2026-03-15 00:00:00",,,,,,56487
461,"2026-03-15 00:00:00",,,,,,56487
461,"2026-03-15 00:00:00",,,,,,56486
461,"2026-03-15 00:00:00",,,,,,56488
461,"2026-03-15 00:00:00",,,,,,56486
461,"2026-03-15 00:00:00",,,,,,56488
461,"2026-03-15 00:00:00",,,,,,56488
461,"2026-03-15 00:00:00",,,,,,56488
461,"2026-03-15 00:00:00",,,,,,46528
461,"2026-03-15 00:00:00",,,,,,46528
461,"2026-03-15 00:00:00",,,,,,46528
461,"2026-03-15 00:00:00",,,,,,46528
461,"2026-03-15 00:00:00",,,,,,56489
461,"2026-03-15 00:00:00",,,,,,56487
461,"2026-03-15 00:00:00",,,,,,40737
461,"2026-03-15 00:00:00",,,,,,56485
461,"2026-03-15 00:00:00",,,,,,56485
461,"2026-03-15 00:00:00",,,,,,56485
461,"2026-03-15 00:00:00",,,,,,15884
461,"2026-03-15 00:00:00",,,,,,15884
461,"2026-03-15 00:00:00",,,,,,15884
461,"2026-03-15 00:00:00",,,,,,15884
461,"2026-03-15 00:00:00",,,,,,15884
461,"2026-03-15 00:00:00",,,,,,56486
461,"2026-03-15 00:00:00",,,,,,15884
461,"2026-03-15 00:00:00",,,,,,54135
461,"2026-03-15 00:00:00",,,,,,40737
461,"2026-03-15 00:00:00",,,,,,40737
461,"2026-03-15 00:00:00",,,,,,40737
461,"2026-03-15 00:00:00",,,,,,40737
461,"2026-03-15 00:00:00",,,,,,40737
461,"2026-03-15 00:00:00",,,,,,40737
461,"2026-03-15 00:00:00",,,,,,56486
461,"2026-03-15 00:00:00",,,,,,56486
461,"2026-03-15 00:00:00",,,,,,15884
461,"2026-03-15 00:00:00",,,,,,49100
461,"2026-03-15 00:00:00",,,,,,46528
461,"2026-03-15 00:00:00",,,,,,54137
461,"2026-03-15 00:00:00",,,,,,54137
461,"2026-03-15 00:00:00",,,,,,54137
461,"2026-03-15 00:00:00",,,,,,54137
461,"2026-03-15 00:00:00",,,,,,54137
461,"2026-03-15 00:00:00",,,,,,54137
461,"2026-03-15 00:00:00",,,,,,49100
461,"2026-03-15 00:00:00",,,,,,56490
461,"2026-03-15 00:00:00",,,,,,49100
461,"2026-03-15 00:00:00",,,,,,56490
461,"2026-03-15 00:00:00",,,,,,49100
461,"2026-03-15 00:00:00",,,,,,49100
461,"2026-03-15 00:00:00",,,,,,49100
461,"2026-03-15 00:00:00",,,,,,49100
461,"2026-03-15 00:00:00",,,,,,49100
461,"2026-03-15 00:00:00",,,,,,45616
461,"2026-03-15 00:00:00",,,,,,45616
461,"2026-03-15 00:00:00",,,,,,45616
461,"2026-03-15 00:00:00",,,,,,49100
461,"2026-03-15 00:00:00",,,,,,56489
461,"2026-03-15 00:00:00",,,,,,54135
461,"2026-03-15 00:00:00",,,,,,54135
461,"2026-03-15 00:00:00",,,,,,54135
461,"2026-03-15 00:00:00",,,,,,54135
461,"2026-03-15 00:00:00",,,,,,48060
461,"2026-03-15 00:00:00",,,,,,48060
461,"2026-03-15 00:00:00",,,,,,48060
461,"2026-03-15 00:00:00",,,,,,48060
461,"2026-03-15 00:00:00",,,,,,56490
461,"2026-03-15 00:00:00",,,,,,48060
461,"2026-03-15 00:00:00",,,,,,45616
461,"2026-03-15 00:00:00",,,,,,56489
461,"2026-03-15 00:00:00",,,,,,21597
461,"2026-03-15 00:00:00",,,,,,56489
461,"2026-03-15 00:00:00",,,,,,54880
461,"2026-03-15 00:00:00",,,,,,56489
461,"2026-03-15 00:00:00",,,,,,56490
461,"2026-03-15 00:00:00",,,,,,56490
461,"2026-03-15 00:00:00",,,,,,56490
461,"2026-03-15 00:00:00",,,,,,48060
461,"2026-03-15 00:00:00",,,,,,52737
461,"2026-03-15 00:00:00",,,,,,56506
461,"2026-03-15 00:00:00",,,,,,56503
461,"2026-03-15 00:00:00",,,,,,56503
461,"2026-03-15 00:00:00",,,,,,56504
461,"2026-03-15 00:00:00",,,,,,56504
461,"2026-03-15 00:00:00",,,,,,56505
461,"2026-03-15 00:00:00",,,,,,56505
461,"2026-03-15 00:00:00",,,,,,52737
461,"2026-03-15 00:00:00",,,,,,56502
461,"2026-03-15 00:00:00",,,,,,52737
461,"2026-03-15 00:00:00",,,,,,56501
461,"2026-03-15 00:00:00",,,,,,55391
461,"2026-03-15 00:00:00",,,,,,55391
461,"2026-03-15 00:00:00",,,,,,55391
461,"2026-03-15 00:00:00",,,,,,55391
461,"2026-03-15 00:00:00",,,,,,55392
461,"2026-03-15 00:00:00",,,,,,55392
461,"2026-03-15 00:00:00",,,,,,55392
461,"2026-03-15 00:00:00",,,,,,21597
461,"2026-03-15 00:00:00",,,,,,52737
461,"2026-03-15 00:00:00",,,,,,52740
461,"2026-03-15 00:00:00",,,,,,52735
461,"2026-03-15 00:00:00",,,,,,52735
461,"2026-03-15 00:00:00",,,,,,52734
461,"2026-03-15 00:00:00",,,,,,52734
461,"2026-03-15 00:00:00",,,,,,54166
461,"2026-03-15 00:00:00",,,,,,54166
461,"2026-03-15 00:00:00",,,,,,12646
461,"2026-03-15 00:00:00",,,,,,12646
461,"2026-03-15 00:00:00",,,,,,56502
461,"2026-03-15 00:00:00",,,,,,56498
461,"2026-03-15 00:00:00",,,,,,56506
461,"2026-03-15 00:00:00",,,,,,52740
461,"2026-03-15 00:00:00",,,,,,52741
461,"2026-03-15 00:00:00",,,,,,52741
461,"2026-03-15 00:00:00",,,,,,56499
461,"2026-03-15 00:00:00",,,,,,56499
461,"2026-03-15 00:00:00",,,,,,56500
461,"2026-03-15 00:00:00",,,,,,56500
461,"2026-03-15 00:00:00",,,,,,56501
461,"2026-03-15 00:00:00",,,,,,56498
461,"2026-03-15 00:00:00",,,,,,56508
461,"2026-03-15 00:00:00",,,,,,55392
461,"2026-03-15 00:00:00",,,,,,48557
461,"2026-03-15 00:00:00",,,,,,47710
461,"2026-03-15 00:00:00",,,,,,48559
461,"2026-03-15 00:00:00",,,,,,48556
461,"2026-03-15 00:00:00",,,,,,49739
461,"2026-03-15 00:00:00",,,,,,49292
461,"2026-03-15 00:00:00",,,,,,56508
461,"2026-03-15 00:00:00",,,,,,42508
461,"2026-03-15 00:00:00",,,,,,56508
461,"2026-03-15 00:00:00",,,,,,38883
461,"2026-03-15 00:00:00",,,,,,56508
461,"2026-03-15 00:00:00",,,,,,56508
461,"2026-03-15 00:00:00",,,,,,56507
461,"2026-03-15 00:00:00",,,,,,56507
461,"2026-03-15 00:00:00",,,,,,56507
461,"2026-03-15 00:00:00",,,,,,56507
461,"2026-03-15 00:00:00",,,,,,56507
461,"2026-03-15 00:00:00",,,,,,56507
461,"2026-03-15 00:00:00",,,,,,56508
461,"2026-03-15 00:00:00",,,,,,19226
461,"2026-03-15 00:00:00",,,,,,56506
461,"2026-03-15 00:00:00",,,,,,56506
461,"2026-03-15 00:00:00",,,,,,48069
461,"2026-03-15 00:00:00",,,,,,48069
461,"2026-03-15 00:00:00",,,,,,48069
461,"2026-03-15 00:00:00",,,,,,40692
461,"2026-03-15 00:00:00",,,,,,40693
461,"2026-03-15 00:00:00",,,,,,41181
461,"2026-03-15 00:00:00",,,,,,47712
461,"2026-03-15 00:00:00",,,,,,38934
461,"2026-03-15 00:00:00",,,,,,53430
461,"2026-03-15 00:00:00",,,,,,18680
461,"2026-03-15 00:00:00",,,,,,46542
461,"2026-03-15 00:00:00",,,,,,43018
461,"2026-03-15 00:00:00",,,,,,38405
461,"2026-03-15 00:00:00",,,,,,38405
461,"2026-03-15 00:00:00",,,,,,41118
461,"2026-03-15 00:00:00",,,,,,5460
461,"2026-03-15 00:00:00",,,,,,54178
461,"2026-03-15 00:00:00",,,,,,41182
461,"2026-03-15 00:00:00",,,,,,21597
461,"2026-03-15 00:00:00",,,,,,12647
461,"2026-03-15 00:00:00",,,,,,21749
461,"2026-03-15 00:00:00",,,,,,56485
461,"2026-03-15 00:00:00",,,,,,21597
461,"2026-03-15 00:00:00",,,,,,56488
461,"2026-03-15 00:00:00",,,,,,21597
461,"2026-03-15 00:00:00",,,,,,21597
461,"2026-03-15 00:00:00",,,,,,21597
461,"2026-03-15 00:00:00",,,,,,21749
461,"2026-03-15 00:00:00",,,,,,21597
461,"2026-03-15 00:00:00",,,,,,21749
461,"2026-03-15 00:00:00",,,,,,56494
461,"2026-03-15 00:00:00",,,,,,56494
461,"2026-03-15 00:00:00",,,,,,56494
461,"2026-03-15 00:00:00",,,,,,56494
461,"2026-03-15 00:00:00",,,,,,56494
461,"2026-03-15 00:00:00",,,,,,56494
461,"2026-03-15 00:00:00",,,,,,56494
461,"2026-03-15 00:00:00",,,,,,56494
461,"2026-03-15 00:00:00",,,,,,21597
461,"2026-03-15 00:00:00",,,,,,52733
461,"2026-03-15 00:00:00",,,,,,54880
461,"2026-03-15 00:00:00",,,,,,54880
461,"2026-03-15 00:00:00",,,,,,54880
461,"2026-03-15 00:00:00",,,,,,54880
461,"2026-03-15 00:00:00",,,,,,54880
461,"2026-03-15 00:00:00",,,,,,52733
461,"2026-03-15 00:00:00",,,,,,52733
461,"2026-03-15 00:00:00",,,,,,52733
461,"2026-03-15 00:00:00",,,,,,21749
461,"2026-03-15 00:00:00",,,,,,52733
461,"2026-03-15 00:00:00",,,,,,50838
461,"2026-03-15 00:00:00",,,,,,52733
461,"2026-03-15 00:00:00",,,,,,52733
461,"2026-03-15 00:00:00",,,,,,52733
461,"2026-03-15 00:00:00",,,,,,21749
461,"2026-03-15 00:00:00",,,,,,21749
461,"2026-03-15 00:00:00",,,,,,21749
461,"2026-03-15 00:00:00",,,,,,21749
461,"2026-03-15 00:00:00",,,,,,21749
461,"2026-03-15 00:00:00",,,,,,52733
461,"2026-03-15 00:00:00",,,,,,54172
461,"2026-03-15 00:00:00",,,,,,56495
461,"2026-03-15 00:00:00",,,,,,56496
461,"2026-03-15 00:00:00",,,,,,56496
461,"2026-03-15 00:00:00",,,,,,56496
461,"2026-03-15 00:00:00",,,,,,56496
461,"2026-03-15 00:00:00",,,,,,56496
461,"2026-03-15 00:00:00",,,,,,56496
461,"2026-03-15 00:00:00",,,,,,56496
461,"2026-03-15 00:00:00",,,,,,56494
461,"2026-03-15 00:00:00",,,,,,54172
461,"2026-03-15 00:00:00",,,,,,56495
461,"2026-03-15 00:00:00",,,,,,54174
461,"2026-03-15 00:00:00",,,,,,54174
461,"2026-03-15 00:00:00",,,,,,56497
461,"2026-03-15 00:00:00",,,,,,56497
461,"2026-03-15 00:00:00",,,,,,38864
461,"2026-03-15 00:00:00",,,,,,38864
461,"2026-03-15 00:00:00",,,,,,53430
461,"2026-03-15 00:00:00",,,,,,54880
461,"2026-03-15 00:00:00",,,,,,56496
461,"2026-03-15 00:00:00",,,,,,51009
461,"2026-03-15 00:00:00",,,,,,12647
461,"2026-03-15 00:00:00",,,,,,50838
461,"2026-03-15 00:00:00",,,,,,50838
461,"2026-03-15 00:00:00",,,,,,50838
461,"2026-03-15 00:00:00",,,,,,50838
461,"2026-03-15 00:00:00",,,,,,50838
461,"2026-03-15 00:00:00",,,,,,50838
461,"2026-03-15 00:00:00",,,,,,50838
461,"2026-03-15 00:00:00",,,,,,56495
461,"2026-03-15 00:00:00",,,,,,51009
461,"2026-03-15 00:00:00",,,,,,56495
461,"2026-03-15 00:00:00",,,,,,51009
461,"2026-03-15 00:00:00",,,,,,51009
461,"2026-03-15 00:00:00",,,,,,51009
461,"2026-03-15 00:00:00",,,,,,51009
461,"2026-03-15 00:00:00",,,,,,51009
461,"2026-03-15 00:00:00",,,,,,51009
461,"2026-03-15 00:00:00",,,,,,56495
461,"2026-03-15 00:00:00",,,,,,56495
461,"2026-03-15 00:00:00",,,,,,50838
461,"2026-03-15 00:00:00",,,,,,51009
461,"2026-03-15 00:00:00",,,,,,56467
461,"2026-03-15 00:00:00",,,,,,56470
461,"2026-03-15 00:00:00",,,,,,52655
461,"2026-03-15 00:00:00",,,,,,52655
461,"2026-03-15 00:00:00",,,,,,52655
461,"2026-03-15 00:00:00",,,,,,52655
461,"2026-03-15 00:00:00",,,,,,56467
461,"2026-03-15 00:00:00",,,,,,56467
461,"2026-03-15 00:00:00",,,,,,56467
461,"2026-03-15 00:00:00",,,,,,56485
461,"2026-03-15 00:00:00",,,,,,56467
461,"2026-03-15 00:00:00",,,,,,49723
461,"2026-03-15 00:00:00",,,,,,56469
461,"2026-03-15 00:00:00",,,,,,56469
461,"2026-03-15 00:00:00",,,,,,56469
461,"2026-03-15 00:00:00",,,,,,56469
461,"2026-03-15 00:00:00",,,,,,56469
461,"2026-03-15 00:00:00",,,,,,56469
461,"2026-03-15 00:00:00",,,,,,56470
461,"2026-03-15 00:00:00",,,,,,56465
461,"2026-03-15 00:00:00",,,,,,56467
461,"2026-03-15 00:00:00",,,,,,56466
461,"2026-03-15 00:00:00",,,,,,56474
461,"2026-03-15 00:00:00",,,,,,56465
461,"2026-03-15 00:00:00",,,,,,54113
461,"2026-03-15 00:00:00",,,,,,54113
461,"2026-03-15 00:00:00",,,,,,54113
461,"2026-03-15 00:00:00",,,,,,54113
461,"2026-03-15 00:00:00",,,,,,54113
461,"2026-03-15 00:00:00",,,,,,54113
461,"2026-03-15 00:00:00",,,,,,52655
461,"2026-03-15 00:00:00",,,,,,56466
461,"2026-03-15 00:00:00",,,,,,56470
461,"2026-03-15 00:00:00",,,,,,56466
461,"2026-03-15 00:00:00",,,,,,56466
461,"2026-03-15 00:00:00",,,,,,56466
461,"2026-03-15 00:00:00",,,,,,49723
461,"2026-03-15 00:00:00",,,,,,49723
461,"2026-03-15 00:00:00",,,,,,49723
461,"2026-03-15 00:00:00",,,,,,49723
461,"2026-03-15 00:00:00",,,,,,46528
461,"2026-03-15 00:00:00",,,,,,56466
461,"2026-03-15 00:00:00",,,,,,46121
461,"2026-03-15 00:00:00",,,,,,56470
461,"2026-03-15 00:00:00",,,,,,56473
461,"2026-03-15 00:00:00",,,,,,56473
461,"2026-03-15 00:00:00",,,,,,56473
461,"2026-03-15 00:00:00",,,,,,56473
461,"2026-03-15 00:00:00",,,,,,56473
461,"2026-03-15 00:00:00",,,,,,46121
461,"2026-03-15 00:00:00",,,,,,46121
461,"2026-03-15 00:00:00",,,,,,56473
461,"2026-03-15 00:00:00",,,,,,46121
461,"2026-03-15 00:00:00",,,,,,56472
461,"2026-03-15 00:00:00",,,,,,46121
461,"2026-03-15 00:00:00",,,,,,46121
461,"2026-03-15 00:00:00",,,,,,46121
461,"2026-03-15 00:00:00",,,,,,46121
461,"2026-03-15 00:00:00",,,,,,56474
461,"2026-03-15 00:00:00",,,,,,56474
461,"2026-03-15 00:00:00",,,,,,56474
461,"2026-03-15 00:00:00",,,,,,56474
461,"2026-03-15 00:00:00",,,,,,46121
461,"2026-03-15 00:00:00",,,,,,22338
461,"2026-03-15 00:00:00",,,,,,56470
461,"2026-03-15 00:00:00",,,,,,56470
461,"2026-03-15 00:00:00",,,,,,56471
461,"2026-03-15 00:00:00",,,,,,56471
461,"2026-03-15 00:00:00",,,,,,56471
461,"2026-03-15 00:00:00",,,,,,56471
461,"2026-03-15 00:00:00",,,,,,56471
461,"2026-03-15 00:00:00",,,,,,56471
461,"2026-03-15 00:00:00",,,,,,56473
461,"2026-03-15 00:00:00",,,,,,22338
461,"2026-03-15 00:00:00",,,,,,56465
461,"2026-03-15 00:00:00",,,,,,22338
461,"2026-03-15 00:00:00",,,,,,22338
461,"2026-03-15 00:00:00",,,,,,22338
461,"2026-03-15 00:00:00",,,,,,56472
461,"2026-03-15 00:00:00",,,,,,56472
461,"2026-03-15 00:00:00",,,,,,56472
461,"2026-03-15 00:00:00",,,,,,56472
461,"2026-03-15 00:00:00",,,,,,56472
461,"2026-03-15 00:00:00",,,,,,22338
461,"2026-03-15 00:00:00",,,,,,56456
461,"2026-03-15 00:00:00",,,,,,51682
461,"2026-03-15 00:00:00",,,,,,49750
461,"2026-03-15 00:00:00",,,,,,52188
461,"2026-03-15 00:00:00",,,,,,56046
461,"2026-03-15 00:00:00",,,,,,47717
461,"2026-03-15 00:00:00",,,,,,54061
461,"2026-03-15 00:00:00",,,,,,56453
461,"2026-03-15 00:00:00",,,,,,54884
461,"2026-03-15 00:00:00",,,,,,54059
461,"2026-03-15 00:00:00",,,,,,56454
461,"2026-03-15 00:00:00",,,,,,56452
461,"2026-03-15 00:00:00",,,,,,56457
461,"2026-03-15 00:00:00",,,,,,56455
461,"2026-03-15 00:00:00",,,,,,56458
461,"2026-03-15 00:00:00",,,,,,56460
461,"2026-03-15 00:00:00",,,,,,56459
461,"2026-03-15 00:00:00",,,,,,56461
461,"2026-03-15 00:00:00",,,,,,56462
461,"2026-03-15 00:00:00",,,,,,56465
461,"2026-03-15 00:00:00",,,,,,55368
461,"2026-03-15 00:00:00",,,,,,56450
461,"2026-03-15 00:00:00",,,,,,55357
461,"2026-03-15 00:00:00",,,,,,55358
461,"2026-03-15 00:00:00",,,,,,55366
461,"2026-03-15 00:00:00",,,,,,54056
461,"2026-03-15 00:00:00",,,,,,55361
461,"2026-03-15 00:00:00",,,,,,52146
461,"2026-03-15 00:00:00",,,,,,52148
461,"2026-03-15 00:00:00",,,,,,56447
461,"2026-03-15 00:00:00",,,,,,49746
461,"2026-03-15 00:00:00",,,,,,56449
461,"2026-03-15 00:00:00",,,,,,56464
461,"2026-03-15 00:00:00",,,,,,54058
461,"2026-03-15 00:00:00",,,,,,53443
461,"2026-03-15 00:00:00",,,,,,53444
461,"2026-03-15 00:00:00",,,,,,56451
461,"2026-03-15 00:00:00",,,,,,56346
461,"2026-03-15 00:00:00",,,,,,51085
461,"2026-03-15 00:00:00",,,,,,51086
461,"2026-03-15 00:00:00",,,,,,51087
461,"2026-03-15 00:00:00",,,,,,56448
461,"2026-03-15 00:00:00",,,,,,48054
461,"2026-03-15 00:00:00",,,,,,51682
461,"2026-03-15 00:00:00",,,,,,54109
461,"2026-03-15 00:00:00",,,,,,54109
461,"2026-03-15 00:00:00",,,,,,54109
461,"2026-03-15 00:00:00",,,,,,54109
461,"2026-03-15 00:00:00",,,,,,48054
461,"2026-03-15 00:00:00",,,,,,48054
461,"2026-03-15 00:00:00",,,,,,48054
461,"2026-03-15 00:00:00",,,,,,54109
461,"2026-03-15 00:00:00",,,,,,48054
461,"2026-03-15 00:00:00",,,,,,52699
461,"2026-03-15 00:00:00",,,,,,54111
461,"2026-03-15 00:00:00",,,,,,54111
461,"2026-03-15 00:00:00",,,,,,54111
461,"2026-03-15 00:00:00",,,,,,54111
461,"2026-03-15 00:00:00",,,,,,54111
461,"2026-03-15 00:00:00",,,,,,54111
461,"2026-03-15 00:00:00",,,,,,56465
461,"2026-03-15 00:00:00",,,,,,56465
461,"2026-03-15 00:00:00",,,,,,48054
461,"2026-03-15 00:00:00",,,,,,54105
461,"2026-03-15 00:00:00",,,,,,56464
461,"2026-03-15 00:00:00",,,,,,56464
461,"2026-03-15 00:00:00",,,,,,56464
461,"2026-03-15 00:00:00",,,,,,56464
461,"2026-03-15 00:00:00",,,,,,56464
461,"2026-03-15 00:00:00",,,,,,56464
461,"2026-03-15 00:00:00",,,,,,54105
461,"2026-03-15 00:00:00",,,,,,54105
461,"2026-03-15 00:00:00",,,,,,54109
461,"2026-03-15 00:00:00",,,,,,54105
461,"2026-03-15 00:00:00",,,,,,52655
461,"2026-03-15 00:00:00",,,,,,54105
461,"2026-03-15 00:00:00",,,,,,54105
461,"2026-03-15 00:00:00",,,,,,52699
461,"2026-03-15 00:00:00",,,,,,52699
461,"2026-03-15 00:00:00",,,,,,52699
461,"2026-03-15 00:00:00",,,,,,52699
461,"2026-03-15 00:00:00",,,,,,52699
461,"2026-03-15 00:00:00",,,,,,52699
461,"2026-03-15 00:00:00",,,,,,54105
461,"2026-03-15 00:00:00",,,,,,52720
461,"2026-03-15 00:00:00",,,,,,15888
461,"2026-03-15 00:00:00",,,,,,56481
461,"2026-03-15 00:00:00",,,,,,56481
461,"2026-03-15 00:00:00",,,,,,56481
461,"2026-03-15 00:00:00",,,,,,56481
461,"2026-03-15 00:00:00",,,,,,56481
461,"2026-03-15 00:00:00",,,,,,52720
461,"2026-03-15 00:00:00",,,,,,52720
461,"2026-03-15 00:00:00",,,,,,56480
461,"2026-03-15 00:00:00",,,,,,52720
461,"2026-03-15 00:00:00",,,,,,56480
461,"2026-03-15 00:00:00",,,,,,52720
461,"2026-03-15 00:00:00",,,,,,54131
461,"2026-03-15 00:00:00",,,,,,54131
461,"2026-03-15 00:00:00",,,,,,54131
461,"2026-03-15 00:00:00",,,,,,54131
461,"2026-03-15 00:00:00",,,,,,54131
461,"2026-03-15 00:00:00",,,,,,54131
461,"2026-03-15 00:00:00",,,,,,55385
461,"2026-03-15 00:00:00",,,,,,52720
461,"2026-03-15 00:00:00",,,,,,30331
461,"2026-03-15 00:00:00",,,,,,55385
461,"2026-03-15 00:00:00",,,,,,56479
461,"2026-03-15 00:00:00",,,,,,56479
461,"2026-03-15 00:00:00",,,,,,56479
461,"2026-03-15 00:00:00",,,,,,56479
461,"2026-03-15 00:00:00",,,,,,56479
461,"2026-03-15 00:00:00",,,,,,56479
461,"2026-03-15 00:00:00",,,,,,30331
461,"2026-03-15 00:00:00",,,,,,56481
461,"2026-03-15 00:00:00",,,,,,30331
461,"2026-03-15 00:00:00",,,,,,15888
461,"2026-03-15 00:00:00",,,,,,30331
461,"2026-03-15 00:00:00",,,,,,30331
461,"2026-03-15 00:00:00",,,,,,30331
461,"2026-03-15 00:00:00",,,,,,56480
461,"2026-03-15 00:00:00",,,,,,56480
461,"2026-03-15 00:00:00",,,,,,56480
461,"2026-03-15 00:00:00",,,,,,56480
461,"2026-03-15 00:00:00",,,,,,56480
461,"2026-03-15 00:00:00",,,,,,30331
461,"2026-03-15 00:00:00",,,,,,55388
461,"2026-03-15 00:00:00",,,,,,15888
461,"2026-03-15 00:00:00",,,,,,52724
461,"2026-03-15 00:00:00",,,,,,52724
461,"2026-03-15 00:00:00",,,,,,52724
461,"2026-03-15 00:00:00",,,,,,52724
461,"2026-03-15 00:00:00",,,,,,52724
461,"2026-03-15 00:00:00",,,,,,55388
461,"2026-03-15 00:00:00",,,,,,55388
461,"2026-03-15 00:00:00",,,,,,56483
461,"2026-03-15 00:00:00",,,,,,55388
461,"2026-03-15 00:00:00",,,,,,56474
461,"2026-03-15 00:00:00",,,,,,55388
461,"2026-03-15 00:00:00",,,,,,56484
461,"2026-03-15 00:00:00",,,,,,56484
461,"2026-03-15 00:00:00",,,,,,56484
461,"2026-03-15 00:00:00",,,,,,56484
461,"2026-03-15 00:00:00",,,,,,56484
461,"2026-03-15 00:00:00",,,,,,56484
461,"2026-03-15 00:00:00",,,,,,56485
461,"2026-03-15 00:00:00",,,,,,55388
461,"2026-03-15 00:00:00",,,,,,56482
461,"2026-03-15 00:00:00",,,,,,15888
461,"2026-03-15 00:00:00",,,,,,15888
461,"2026-03-15 00:00:00",,,,,,15888
461,"2026-03-15 00:00:00",,,,,,54133
461,"2026-03-15 00:00:00",,,,,,54133
461,"2026-03-15 00:00:00",,,,,,54133
461,"2026-03-15 00:00:00",,,,,,54133
461,"2026-03-15 00:00:00",,,,,,54133
461,"2026-03-15 00:00:00",,,,,,49723
461,"2026-03-15 00:00:00",,,,,,56482
461,"2026-03-15 00:00:00",,,,,,56483
461,"2026-03-15 00:00:00",,,,,,56482
461,"2026-03-15 00:00:00",,,,,,56482
461,"2026-03-15 00:00:00",,,,,,56482
461,"2026-03-15 00:00:00",,,,,,56482
461,"2026-03-15 00:00:00",,,,,,56483
461,"2026-03-15 00:00:00",,,,,,56483
461,"2026-03-15 00:00:00",,,,,,56483
461,"2026-03-15 00:00:00",,,,,,56483
461,"2026-03-15 00:00:00",,,,,,54133
461,"2026-03-15 00:00:00",,,,,,55380
461,"2026-03-15 00:00:00",,,,,,34366
461,"2026-03-15 00:00:00",,,,,,56476
461,"2026-03-15 00:00:00",,,,,,55380
461,"2026-03-15 00:00:00",,,,,,55380
461,"2026-03-15 00:00:00",,,,,,55380
461,"2026-03-15 00:00:00",,,,,,55380
461,"2026-03-15 00:00:00",,,,,,55380
461,"2026-03-15 00:00:00",,,,,,55380
461,"2026-03-15 00:00:00",,,,,,56476
461,"2026-03-15 00:00:00",,,,,,55380
461,"2026-03-15 00:00:00",,,,,,56476
461,"2026-03-15 00:00:00",,,,,,55380
461,"2026-03-15 00:00:00",,,,,,34366
461,"2026-03-15 00:00:00",,,,,,34366
461,"2026-03-15 00:00:00",,,,,,34366
461,"2026-03-15 00:00:00",,,,,,34366
461,"2026-03-15 00:00:00",,,,,,34366
461,"2026-03-15 00:00:00",,,,,,34366
461,"2026-03-15 00:00:00",,,,,,34366
461,"2026-03-15 00:00:00",,,,,,55380
461,"2026-03-15 00:00:00",,,,,,56475
461,"2026-03-15 00:00:00",,,,,,52724
461,"2026-03-15 00:00:00",,,,,,55385
461,"2026-03-15 00:00:00",,,,,,56474
461,"2026-03-15 00:00:00",,,,,,56474
461,"2026-03-15 00:00:00",,,,,,56474
461,"2026-03-15 00:00:00",,,,,,56475
461,"2026-03-15 00:00:00",,,,,,56475
461,"2026-03-15 00:00:00",,,,,,56475
461,"2026-03-15 00:00:00",,,,,,56476
461,"2026-03-15 00:00:00",,,,,,56475
461,"2026-03-15 00:00:00",,,,,,56475
461,"2026-03-15 00:00:00",,,,,,56475
461,"2026-03-15 00:00:00",,,,,,56475
461,"2026-03-15 00:00:00",,,,,,56476
461,"2026-03-15 00:00:00",,,,,,56476
461,"2026-03-15 00:00:00",,,,,,56476
461,"2026-03-15 00:00:00",,,,,,56476
461,"2026-03-15 00:00:00",,,,,,56476
461,"2026-03-15 00:00:00",,,,,,56476
461,"2026-03-15 00:00:00",,,,,,56475
461,"2026-03-15 00:00:00",,,,,,55384
461,"2026-03-15 00:00:00",,,,,,54129
461,"2026-03-15 00:00:00",,,,,,56478
461,"2026-03-15 00:00:00",,,,,,56478
461,"2026-03-15 00:00:00",,,,,,56478
461,"2026-03-15 00:00:00",,,,,,56478
461,"2026-03-15 00:00:00",,,,,,56478
461,"2026-03-15 00:00:00",,,,,,56478
461,"2026-03-15 00:00:00",,,,,,56478
461,"2026-03-15 00:00:00",,,,,,54129
461,"2026-03-15 00:00:00",,,,,,55384
461,"2026-03-15 00:00:00",,,,,,55384
461,"2026-03-15 00:00:00",,,,,,55384
461,"2026-03-15 00:00:00",,,,,,55384
461,"2026-03-15 00:00:00",,,,,,55384
461,"2026-03-15 00:00:00",,,,,,55385
461,"2026-03-15 00:00:00",,,,,,53760
461,"2026-03-15 00:00:00",,,,,,56475
461,"2026-03-15 00:00:00",,,,,,55385
461,"2026-03-15 00:00:00",,,,,,55385
461,"2026-03-15 00:00:00",,,,,,56478
461,"2026-03-15 00:00:00",,,,,,53760
461,"2026-03-15 00:00:00",,,,,,53760
461,"2026-03-15 00:00:00",,,,,,53760
461,"2026-03-15 00:00:00",,,,,,53760
461,"2026-03-15 00:00:00",,,,,,55384
461,"2026-03-15 00:00:00",,,,,,54129
461,"2026-03-15 00:00:00",,,,,,53760
461,"2026-03-15 00:00:00",,,,,,53760
461,"2026-03-15 00:00:00",,,,,,53760
461,"2026-03-15 00:00:00",,,,,,47812
461,"2026-03-15 00:00:00",,,,,,47812
461,"2026-03-15 00:00:00",,,,,,47812
461,"2026-03-15 00:00:00",,,,,,47812
461,"2026-03-15 00:00:00",,,,,,54129
461,"2026-03-15 00:00:00",,,,,,54129
461,"2026-03-15 00:00:00",,,,,,54129
461,"2026-03-15 00:00:00",,,,,,54129
461,"2026-03-15 00:00:00",,,,,,54129
461,"2026-03-15 00:00:00",,,,,,47812
461,"2026-03-15 00:00:00",,,,,,47812
461,"2026-03-15 00:00:00",,,,,,47812
461,"2026-03-15 00:00:00",,,,,,47812
462,"2025-03-15 00:00:00",,,,,,56533
462,"2025-03-15 00:00:00",,,,,,56533
462,"2025-03-15 00:00:00",,,,,,56535
462,"2025-03-15 00:00:00",,,,,,56533
462,"2025-03-15 00:00:00",,,,,,56534
462,"2025-03-15 00:00:00",,,,,,56534
462,"2025-03-15 00:00:00",,,,,,56534
462,"2025-03-15 00:00:00",,,,,,56533
462,"2025-03-15 00:00:00",,,,,,56535
462,"2025-03-15 00:00:00",,,,,,56531
462,"2025-03-15 00:00:00",,,,,,56535
462,"2025-03-15 00:00:00",,,,,,56534
462,"2025-03-15 00:00:00",,,,,,56534
462,"2025-03-15 00:00:00",,,,,,56535
462,"2025-03-15 00:00:00",,,,,,56531
462,"2025-03-15 00:00:00",,,,,,56530
462,"2025-03-15 00:00:00",,,,,,56530
462,"2025-03-15 00:00:00",,,,,,56520
462,"2025-03-15 00:00:00",,,,,,56535
462,"2025-03-15 00:00:00",,,,,,56530
462,"2025-03-15 00:00:00",,,,,,56530
462,"2025-03-15 00:00:00",,,,,,56531
462,"2025-03-15 00:00:00",,,,,,56531
462,"2025-03-15 00:00:00",,,,,,56533
462,"2025-03-15 00:00:00",,,,,,56531
462,"2025-03-15 00:00:00",,,,,,56532
462,"2025-03-15 00:00:00",,,,,,56532
462,"2025-03-15 00:00:00",,,,,,56532
462,"2025-03-15 00:00:00",,,,,,56532
462,"2025-03-15 00:00:00",,,,,,56532
462,"2025-03-15 00:00:00",,,,,,56530
462,"2025-03-15 00:00:00",,,,,,56521
462,"2025-03-15 00:00:00",,,,,,56520
462,"2025-03-15 00:00:00",,,,,,56520
462,"2025-03-15 00:00:00",,,,,,56520
462,"2025-03-15 00:00:00",,,,,,56521
462,"2025-03-15 00:00:00",,,,,,56521
462,"2025-03-15 00:00:00",,,,,,56519
462,"2025-03-15 00:00:00",,,,,,56521
462,"2025-03-15 00:00:00",,,,,,56519
462,"2025-03-15 00:00:00",,,,,,38427
462,"2025-03-15 00:00:00",,,,,,38427
462,"2025-03-15 00:00:00",,,,,,38427
462,"2025-03-15 00:00:00",,,,,,38427
462,"2025-03-15 00:00:00",,,,,,56529
462,"2025-03-15 00:00:00",,,,,,56515
462,"2025-03-15 00:00:00",,,,,,56521
462,"2025-03-15 00:00:00",,,,,,56538
462,"2025-03-15 00:00:00",,,,,,56536
462,"2025-03-15 00:00:00",,,,,,56537
462,"2025-03-15 00:00:00",,,,,,56537
462,"2025-03-15 00:00:00",,,,,,56537
462,"2025-03-15 00:00:00",,,,,,56537
462,"2025-03-15 00:00:00",,,,,,56520
462,"2025-03-15 00:00:00",,,,,,56538
462,"2025-03-15 00:00:00",,,,,,56536
462,"2025-03-15 00:00:00",,,,,,56538
462,"2025-03-15 00:00:00",,,,,,56538
462,"2025-03-15 00:00:00",,,,,,56538
462,"2025-03-15 00:00:00",,,,,,56519
462,"2025-03-15 00:00:00",,,,,,56519
462,"2025-03-15 00:00:00",,,,,,56519
462,"2025-03-15 00:00:00",,,,,,56537
462,"2025-03-15 00:00:00",,,,,,56515
462,"2025-03-15 00:00:00",,,,,,56517
462,"2025-03-15 00:00:00",,,,,,56514
462,"2025-03-15 00:00:00",,,,,,56514
462,"2025-03-15 00:00:00",,,,,,56514
462,"2025-03-15 00:00:00",,,,,,56514
462,"2025-03-15 00:00:00",,,,,,56513
462,"2025-03-15 00:00:00",,,,,,56515
462,"2025-03-15 00:00:00",,,,,,56513
462,"2025-03-15 00:00:00",,,,,,56516
462,"2025-03-15 00:00:00",,,,,,56516
462,"2025-03-15 00:00:00",,,,,,56516
462,"2025-03-15 00:00:00",,,,,,56516
462,"2025-03-15 00:00:00",,,,,,56516
462,"2025-03-15 00:00:00",,,,,,56515
462,"2025-03-15 00:00:00",,,,,,56515
462,"2025-03-15 00:00:00",,,,,,56512
462,"2025-03-15 00:00:00",,,,,,38427
462,"2025-03-15 00:00:00",,,,,,56511
462,"2025-03-15 00:00:00",,,,,,56511
462,"2025-03-15 00:00:00",,,,,,56511
462,"2025-03-15 00:00:00",,,,,,56511
462,"2025-03-15 00:00:00",,,,,,56514
462,"2025-03-15 00:00:00",,,,,,56512
462,"2025-03-15 00:00:00",,,,,,56517
462,"2025-03-15 00:00:00",,,,,,56512
462,"2025-03-15 00:00:00",,,,,,56512
462,"2025-03-15 00:00:00",,,,,,56512
462,"2025-03-15 00:00:00",,,,,,56513
462,"2025-03-15 00:00:00",,,,,,56513
462,"2025-03-15 00:00:00",,,,,,56513
462,"2025-03-15 00:00:00",,,,,,56511
462,"2025-03-15 00:00:00",,,,,,56527
462,"2025-03-15 00:00:00",,,,,,56517
462,"2025-03-15 00:00:00",,,,,,56526
462,"2025-03-15 00:00:00",,,,,,56526
462,"2025-03-15 00:00:00",,,,,,56526
462,"2025-03-15 00:00:00",,,,,,56526
462,"2025-03-15 00:00:00",,,,,,56525
462,"2025-03-15 00:00:00",,,,,,56527
462,"2025-03-15 00:00:00",,,,,,56525
462,"2025-03-15 00:00:00",,,,,,56527
462,"2025-03-15 00:00:00",,,,,,56527
462,"2025-03-15 00:00:00",,,,,,56527
462,"2025-03-15 00:00:00",,,,,,56529
462,"2025-03-15 00:00:00",,,,,,56529
462,"2025-03-15 00:00:00",,,,,,56529
462,"2025-03-15 00:00:00",,,,,,56526
462,"2025-03-15 00:00:00",,,,,,56524
462,"2025-03-15 00:00:00",,,,,,56517
462,"2025-03-15 00:00:00",,,,,,56517
462,"2025-03-15 00:00:00",,,,,,56518
462,"2025-03-15 00:00:00",,,,,,56518
462,"2025-03-15 00:00:00",,,,,,56518
462,"2025-03-15 00:00:00",,,,,,56525
462,"2025-03-15 00:00:00",,,,,,56518
462,"2025-03-15 00:00:00",,,,,,56529
462,"2025-03-15 00:00:00",,,,,,56524
462,"2025-03-15 00:00:00",,,,,,56524
462,"2025-03-15 00:00:00",,,,,,56524
462,"2025-03-15 00:00:00",,,,,,56524
462,"2025-03-15 00:00:00",,,,,,56525
462,"2025-03-15 00:00:00",,,,,,56525
462,"2025-03-15 00:00:00",,,,,,56518
